Bratislava,582000,Bratislava
Bratislava,529435,Bratislava-Čunovo
Bratislava,529401,Bratislava-Devín
Bratislava,529371,Bratislava-Devínska Nová Ves
Bratislava,529389,Bratislava-Dúbravka
Bratislava,529443,Bratislava-Jarovce
Bratislava,529397,Bratislava-Karlova Ves
Bratislava,529419,Bratislava-Lamač
Bratislava,529346,Bratislava-Nové Mesto
Bratislava,529460,Bratislava-Petržalka
Bratislava,529311,Bratislava-Podunajské Biskupice
Bratislava,529354,Bratislava-Rača
Bratislava,529494,Bratislava-Rusovce
Bratislava,529320,Bratislava-Ružinov
Bratislava,528595,Bratislava-Staré Mesto
Bratislava,529362,Bratislava-Vajnory
Bratislava,529338,Bratislava-Vrakuňa
Bratislava,529427,Bratislava-Záhorská Bystrica
Malacky,507831,Borinka
Malacky,507890,Gajary
Malacky,507954,Jablonové
Malacky,507962,Jakubov
Malacky,508012,Kostolište
Malacky,508021,Kuchyňa
Malacky,508039,Láb
Malacky,508055,Lozorno
Malacky,508063,Malacky
Malacky,504556,Malé Leváre
Malacky,508080,Marianka
Malacky,508161,Pernek
Malacky,504629,Plavecké Podhradie
Malacky,504637,Plavecký Mikuláš
Malacky,508195,Plavecký Štvrtok
Malacky,504769,Rohožník
Malacky,504858,Sološnica
Malacky,504874,Studienka
Malacky,508233,Stupava
Malacky,508241,Suchohrad
Malacky,504947,Veľké Leváre
Malacky,508349,Vysoká pri Morave
Malacky,508365,Záhorská Ves
Malacky,504980,Závod
Malacky,508381,Zohor
Pezinok,507806,Báhoň
Pezinok,507849,Budmerice
Pezinok,507857,Častá
Pezinok,507873,Doľany
Pezinok,507881,Dubová
Pezinok,507946,Jablonec
Pezinok,508047,Limbach
Pezinok,508101,Modra
Pezinok,508179,Pezinok
Pezinok,508187,Píla
Pezinok,508225,Slovenský Grob
Pezinok,507989,Svätý Jur
Pezinok,508250,Šenkvice
Pezinok,508268,Štefanová
Pezinok,508306,Viničné
Pezinok,508314,Vinosady
Pezinok,508322,Vištuk
Senec,507814,Bernolákovo
Senec,507822,Blatné
Senec,503681,Boldog
Senec,507911,Chorvátsky Grob
Senec,507865,Čataj
Senec,545333,Dunajská Lužná
Senec,507903,Hamuliakovo
Senec,503797,Hrubá Borša
Senec,503801,Hrubý Šúr
Senec,503819,Hurbanova Ves
Senec,555487,Igram
Senec,507938,Ivanka pri Dunaji
Senec,507997,Kalinkovo
Senec,555495,Kaplna
Senec,503851,Kostolná pri Dunaji
Senec,503894,Kráľová pri Senci
Senec,508071,Malinovo
Senec,508098,Miloslavov
Senec,508110,Most pri Bratislave
Senec,508136,Nová Dedinka
Senec,582549,Nový Svet
Senec,503983,Reca
Senec,508209,Rovinka
Senec,508217,Senec
Senec,508276,Tomášov
Senec,508284,Tureň
Senec,508292,Veľký Biel
Senec,508331,Vlky
Senec,555509,Zálesie
Dunajská Streda,501441,Báč
Dunajská Streda,501450,Baka
Dunajská Streda,501468,Baloň
Dunajská Streda,555517,Bellova Ves
Dunajská Streda,501484,Blahová
Dunajská Streda,501492,Blatná na Ostrove
Dunajská Streda,503461,Bodíky
Dunajská Streda,501506,Boheľov
Dunajská Streda,501514,Čakany
Dunajská Streda,580554,Čenkovce
Dunajská Streda,501531,Čiližská Radvaň
Dunajská Streda,501549,Dobrohošť
Dunajská Streda,501557,Dolný Bar
Dunajská Streda,501611,Dolný Štál
Dunajská Streda,501433,Dunajská Streda
Dunajská Streda,555541,Dunajský Klátov
Dunajská Streda,501573,Gabčíkovo
Dunajská Streda,501581,Holice
Dunajská Streda,501590,Horná Potôň
Dunajská Streda,555568,Horné Mýto
Dunajská Streda,501603,Horný Bar
Dunajská Streda,501620,Hubice
Dunajská Streda,501638,Hviezdoslavov
Dunajská Streda,501654,Jahodná
Dunajská Streda,501662,Janíky
Dunajská Streda,501671,Jurová
Dunajská Streda,501689,Kľúčovec
Dunajská Streda,501697,Kostolné Kračany
Dunajská Streda,501701,Kráľovičove Kračany
Dunajská Streda,501719,Kútniky
Dunajská Streda,501727,Kvetoslavov
Dunajská Streda,580597,Kyselica
Dunajská Streda,501735,Lehnice
Dunajská Streda,501743,Lúč na Ostrove
Dunajská Streda,555606,Macov
Dunajská Streda,555649,Mad
Dunajská Streda,555665,Malé Dvorníky
Dunajská Streda,501760,Medveďov
Dunajská Streda,501786,Michal na Ostrove
Dunajská Streda,501778,Mierovo
Dunajská Streda,501930,Ňárad
Dunajská Streda,501808,Nový Život
Dunajská Streda,501816,Ohrady
Dunajská Streda,501824,Okoč
Dunajská Streda,501832,Oľdza
Dunajská Streda,501859,Orechová Potôň
Dunajská Streda,501867,Padáň
Dunajská Streda,501883,Pataš
Dunajská Streda,582522,Potônske Lúky
Dunajská Streda,555720,Povoda
Dunajská Streda,501891,Rohovce
Dunajská Streda,501875,Sap
Dunajská Streda,501905,Šamorín
Dunajská Streda,501913,Štvrtok na Ostrove
Dunajská Streda,501921,Topoľníky
Dunajská Streda,555576,Trhová Hradská
Dunajská Streda,501956,Trnávka
Dunajská Streda,501964,Trstená na Ostrove
Dunajská Streda,501972,Veľká Paka
Dunajská Streda,501981,Veľké Blahovo
Dunajská Streda,555673,Veľké Dvorníky
Dunajská Streda,501522,Veľký Meder
Dunajská Streda,555746,Vieska
Dunajská Streda,501999,Vojka nad Dunajom
Dunajská Streda,502006,Vrakúň
Dunajská Streda,502014,Vydrany
Dunajská Streda,502022,Zlaté Klasy
Galanta,503673,Abrahám
Galanta,503690,Čierna Voda
Galanta,503703,Čierny Brod
Galanta,555789,Dolná Streda
Galanta,503746,Dolné Saliby
Galanta,503754,Dolný Chotár
Galanta,503665,Galanta
Galanta,503762,Gáň
Galanta,503771,Horné Saliby
Galanta,503789,Hoste
Galanta,503827,Jánovce
Galanta,503835,Jelka
Galanta,503843,Kajal
Galanta,503860,Košúty
Galanta,503878,Kráľov Brod
Galanta,582638,Malá Mača
Galanta,555754,Matúškovo
Galanta,503924,Mostová
Galanta,503959,Pata
Galanta,503967,Pusté Sady
Galanta,503975,Pusté Úľany
Galanta,504009,Sereď
Galanta,504017,Sládkovičovo
Galanta,504033,Šalgočka
Galanta,504041,Šintava
Galanta,504050,Šoporňa
Galanta,504076,Tomášikovo
Galanta,504084,Topoľnica
Galanta,504106,Trstice
Galanta,504114,Váhovce
Galanta,504122,Veľká Mača
Galanta,504131,Veľké Úľany
Galanta,504149,Veľký Grob
Galanta,504157,Vinohrady nad Váhom
Galanta,504173,Vozokany
Galanta,504181,Zemianske Sady
Piešťany,581399,Banka
Piešťany,558354,Bašovce
Piešťany,506834,Borovce
Piešťany,507121,Chtelnica
Piešťany,506982,Dolný Lopašov
Piešťany,506991,Drahovce
Piešťany,507008,Dubovany
Piešťany,558338,Ducové
Piešťany,556581,Hubina
Piešťany,507199,Kočín-Lančár
Piešťany,507229,Krakovany
Piešťany,507342,Moravany nad Váhom
Piešťany,507369,Nižná
Piešťany,507385,Ostrov
Piešťany,507431,Pečeňady
Piešťany,507440,Piešťany
Piešťany,507466,Prašník
Piešťany,507482,Rakovice
Piešťany,507491,Ratnovce
Piešťany,507563,Sokolovce
Piešťany,558397,Šípkové
Piešťany,556548,Šterusy
Piešťany,507679,Trebatice
Piešťany,507709,Veľké Kostoľany
Piešťany,556572,Veľké Orvište
Piešťany,507725,Veselé
Piešťany,507750,Vrbové
Senica,504211,Bílkove Humence
Senica,504238,Borský Mikuláš
Senica,504220,Borský Svätý Jur
Senica,504271,Brodské
Senica,504297,Cerová
Senica,504394,Chropov
Senica,504319,Čáry
Senica,504327,Častkov
Senica,504335,Dojč
Senica,504343,Dubovce
Senica,504351,Gbely
Senica,504360,Hlboké
Senica,504378,Holíč
Senica,504386,Hradište pod Vrátnom
Senica,504416,Jablonica
Senica,504432,Kátov
Senica,504459,Kopčany
Senica,504475,Koválov
Senica,504483,Koválovec
Senica,504491,Kuklov
Senica,504513,Kúty
Senica,504521,Lakšárska Nová Ves
Senica,504530,Letničie
Senica,504548,Lopašov
Senica,504564,Mokrý Háj
Senica,504572,Moravský Svätý Ján
Senica,504599,Oreské
Senica,504602,Osuské
Senica,504611,Petrova Ves
Senica,504645,Plavecký Peter
Senica,504653,Podbranč
Senica,504670,Popudinské Močidľany
Senica,504700,Prietrž
Senica,504718,Prietržka
Senica,504726,Prievaly
Senica,504734,Radimov
Senica,504742,Radošovce
Senica,556122,Rohov
Senica,504777,Rovensko
Senica,556131,Rybky
Senica,556114,Sekule
Senica,504203,Senica
Senica,504815,Skalica
Senica,504823,Smolinské
Senica,504831,Smrdáky
Senica,504840,Sobotište
Senica,504882,Šajdíkove Humence
Senica,504891,Šaštín-Stráže
Senica,504904,Štefanov
Senica,504912,Trnovec
Senica,504939,Unín
Senica,504963,Vrádište
Trnava,580473,Biely Kostol
Trnava,506788,Bíňovce
Trnava,506796,Bohdanovce nad Trnavou
Trnava,506800,Bojničky
Trnava,506818,Boleráz
Trnava,506826,Borová
Trnava,506842,Brestovany
Trnava,506851,Bučany
Trnava,506869,Buková
Trnava,506877,Cífer
Trnava,506885,Červeník
Trnava,506893,Dechtice
Trnava,556599,Dlhá
Trnava,506915,Dobrá Voda
Trnava,506923,Dolná Krupá
Trnava,506931,Dolné Dubové
Trnava,556661,Dolné Lovčice
Trnava,506940,Dolné Orešany
Trnava,506958,Dolné Otrokovce
Trnava,506966,Dolné Trhovište
Trnava,556521,Dolné Zelenice
Trnava,507024,Dvorníky
Trnava,507032,Hlohovec
Trnava,507041,Horná Krupá
Trnava,507059,Horné Dubové
Trnava,507067,Horné Orešany
Trnava,507075,Horné Otrokovce
Trnava,556602,Horné Trhovište
Trnava,556530,Horné Zelenice
Trnava,581020,Hrnčiarovce nad Parnou
Trnava,507130,Jalšové
Trnava,507156,Jaslovské Bohunice
Trnava,507164,Kátlovce
Trnava,507172,Kľačany
Trnava,507202,Koplotovce
Trnava,507211,Košolná
Trnava,556483,Križovany nad Dudváhom
Trnava,507253,Leopoldov
Trnava,556688,Lošonec
Trnava,507288,Madunice
Trnava,507296,Majcichov
Trnava,507318,Malženice
Trnava,507326,Merašice
Trnava,507351,Naháč
Trnava,556491,Opoj
Trnava,507415,Pastuchov
Trnava,556556,Pavlice
Trnava,556653,Radošovce
Trnava,518620,Ratkovce
Trnava,507512,Ružindol
Trnava,507521,Sasinkovo
Trnava,507539,Siladice
Trnava,556564,Slovenská Nová Ves
Trnava,507555,Smolenice
Trnava,507571,Suchá nad Parnou
Trnava,556670,Šelpice
Trnava,507601,Špačince
Trnava,507636,Šúrovce
Trnava,556611,Tekolďany
Trnava,556645,Tepličky
Trnava,507661,Trakovice
Trnava,506745,Trnava
Trnava,507687,Trstín
Trnava,556513,Vlčkovce
Trnava,507741,Voderady
Trnava,507768,Zavar
Trnava,507776,Zeleneč
Trnava,581488,Zvončín
Trnava,507792,Žlkovce
Bánovce nad Bebravou,542652,Bánovce nad Bebravou
Bánovce nad Bebravou,556793,Borčany
Bánovce nad Bebravou,542741,Brezolupy
Bánovce nad Bebravou,556408,Chudá Lehota
Bánovce nad Bebravou,542776,Cimenná
Bánovce nad Bebravou,542806,Čierna Lehota
Bánovce nad Bebravou,542822,Dežerice
Bánovce nad Bebravou,542849,Dolné Naštice
Bánovce nad Bebravou,542857,Dubnička
Bánovce nad Bebravou,542873,Dvorec
Bánovce nad Bebravou,542890,Haláčovce
Bánovce nad Bebravou,542920,Horné Naštice
Bánovce nad Bebravou,543080,Krásna Ves
Bánovce nad Bebravou,543136,Kšinná
Bánovce nad Bebravou,556360,Libichava
Bánovce nad Bebravou,505056,Ľutov
Bánovce nad Bebravou,505072,Malá Hradná
Bánovce nad Bebravou,505102,Malé Hoste
Bánovce nad Bebravou,505153,Miezgovce
Bánovce nad Bebravou,505200,Nedašovce
Bánovce nad Bebravou,505277,Omastiná
Bánovce nad Bebravou,556289,Otrhánky
Bánovce nad Bebravou,505331,Pečeňany
Bánovce nad Bebravou,556742,Pochabany
Bánovce nad Bebravou,505358,Podlužany
Bánovce nad Bebravou,505382,Pravotice
Bánovce nad Bebravou,505412,Prusy
Bánovce nad Bebravou,505447,Ruskovce
Bánovce nad Bebravou,505455,Rybany
Bánovce nad Bebravou,505471,Slatina nad Bebravou
Bánovce nad Bebravou,505480,Slatinka nad Bebravou
Bánovce nad Bebravou,505544,Šípkov
Bánovce nad Bebravou,505552,Šišov
Bánovce nad Bebravou,505579,Timoradza
Bánovce nad Bebravou,505595,Trebichava
Bánovce nad Bebravou,505625,Uhrovec
Bánovce nad Bebravou,505633,Uhrovské Podhradie
Bánovce nad Bebravou,505692,Veľké Chlievany
Bánovce nad Bebravou,545651,Veľké Držkovce
Bánovce nad Bebravou,505684,Veľké Hoste
Bánovce nad Bebravou,505765,Vysočany
Bánovce nad Bebravou,505790,Zlatníky
Bánovce nad Bebravou,505811,Žitná-Radiša
Nové Mesto nad Váhom,505846,Beckov
Nové Mesto nad Váhom,505871,Bošáca
Nové Mesto nad Váhom,504254,Brestovec
Nové Mesto nad Váhom,504262,Brezová pod Bradlom
Nové Mesto nad Váhom,505889,Brunovce
Nové Mesto nad Váhom,504289,Bukovec
Nové Mesto nad Váhom,505897,Bzince pod Javorinou
Nové Mesto nad Váhom,504408,Chvojnica
Nové Mesto nad Váhom,505901,Čachtice
Nové Mesto nad Váhom,505919,Častkovce
Nové Mesto nad Váhom,505951,Dolné Srnie
Nové Mesto nad Váhom,556424,Haluzice
Nové Mesto nad Váhom,505994,Hôrka nad Váhom
Nové Mesto nad Váhom,506001,Horná Streda
Nové Mesto nad Váhom,506061,Hrachovište
Nové Mesto nad Váhom,506052,Hrádok
Nové Mesto nad Váhom,506079,Hrašné
Nové Mesto nad Váhom,504424,Jablonka
Nové Mesto nad Váhom,506109,Kálnica
Nové Mesto nad Váhom,506125,Kočovce
Nové Mesto nad Váhom,506141,Kostolné
Nové Mesto nad Váhom,504467,Košariská
Nové Mesto nad Váhom,506150,Krajné
Nové Mesto nad Váhom,506184,Lubina
Nové Mesto nad Váhom,506206,Lúka
Nové Mesto nad Váhom,506249,Modrová
Nové Mesto nad Váhom,506257,Modrovka
Nové Mesto nad Váhom,506265,Moravské Lieskové
Nové Mesto nad Váhom,504581,Myjava
Nové Mesto nad Váhom,506303,Nová Bošáca
Nové Mesto nad Váhom,506311,Nová Lehota
Nové Mesto nad Váhom,556459,Nová Ves nad Váhom
Nové Mesto nad Váhom,506338,Nové Mesto nad Váhom
Nové Mesto nad Váhom,506346,Očkov
Nové Mesto nad Váhom,506401,Pobedim
Nové Mesto nad Váhom,506419,Podkylava
Nové Mesto nad Váhom,506427,Podolie
Nové Mesto nad Váhom,504661,Polianka
Nové Mesto nad Váhom,504688,Poriadie
Nové Mesto nad Váhom,506435,Potvorice
Nové Mesto nad Váhom,506443,Považany
Nové Mesto nad Váhom,504696,Priepasné
Nové Mesto nad Váhom,504793,Rudník
Nové Mesto nad Váhom,506516,Stará Lehota
Nové Mesto nad Váhom,504866,Stará Myjava
Nové Mesto nad Váhom,506524,Stará Turá
Nové Mesto nad Váhom,506583,Trenčianske Bohuslavice
Nové Mesto nad Váhom,506630,Vaďovce
Nové Mesto nad Váhom,506672,Višňové
Nové Mesto nad Váhom,504971,Vrbovce
Nové Mesto nad Váhom,556441,Zemianske Podhradie
Považská Bystrica,512851,Beluša
Považská Bystrica,557633,Bodiná
Považská Bystrica,512915,Brvnište
Považská Bystrica,557561,Čelkova Lehota
Považská Bystrica,512940,Dohňany
Považská Bystrica,512958,Dolná Breznica
Považská Bystrica,512966,Dolná Mariková
Považská Bystrica,557439,Dolné Kočkovce
Považská Bystrica,546640,Dolný Lieskov
Považská Bystrica,513008,Domaniža
Považská Bystrica,557609,Ďurďové
Považská Bystrica,557510,Hatné
Považská Bystrica,557692,Horná Breznica
Považská Bystrica,513083,Horná Mariková
Považská Bystrica,580856,Horný Lieskov
Považská Bystrica,513121,Horovce
Považská Bystrica,513172,Jasenica
Považská Bystrica,557552,Klieština
Považská Bystrica,513245,Kostolec
Považská Bystrica,557501,Kvašov
Považská Bystrica,513300,Lazy pod Makytou
Považská Bystrica,513318,Lednica
Považská Bystrica,513326,Lednické Rovne
Považská Bystrica,513334,Lúky
Považská Bystrica,513342,Lysá pod Makytou
Považská Bystrica,557579,Malé Lednice
Považská Bystrica,513377,Mestečko
Považská Bystrica,513407,Mojtín
Považská Bystrica,557447,Nimnica
Považská Bystrica,513466,Papradno
Považská Bystrica,513474,Plevník-Drienové
Považská Bystrica,558222,Počarová
Považská Bystrica,580864,Podskalie
Považská Bystrica,512842,Považská Bystrica
Považská Bystrica,513563,Prečín
Považská Bystrica,513601,Pružina
Považská Bystrica,513610,Púchov
Považská Bystrica,557595,Sádočné
Považská Bystrica,557480,Slopná
Považská Bystrica,557471,Streženice
Považská Bystrica,513687,Stupné
Považská Bystrica,518913,Sverepec
Považská Bystrica,513741,Udiča
Považská Bystrica,513776,Visolaje
Považská Bystrica,513784,Vrchteplá
Považská Bystrica,557498,Vydrná
Považská Bystrica,513814,Záriečie
Považská Bystrica,513822,Záskalie
Považská Bystrica,500348,Zubák
Prievidza,513903,Bojnice
Prievidza,542733,Bošany
Prievidza,580449,Brodzany
Prievidza,513911,Bystričany
Prievidza,514021,Chrenovec-Brusno
Prievidza,514039,Chvojnica
Prievidza,543004,Chynorany
Prievidza,513920,Cigeľ
Prievidza,513938,Čavoj
Prievidza,513946,Čereňany
Prievidza,513954,Diviacka Nová Ves
Prievidza,513962,Diviaky nad Nitricou
Prievidza,513971,Dlžín
Prievidza,513989,Dolné Vestenice
Prievidza,513997,Handlová
Prievidza,514004,Horná Ves
Prievidza,514012,Horné Vestenice
Prievidza,542962,Hradište
Prievidza,557714,Jalovec
Prievidza,556416,Ješkova Ves
Prievidza,514063,Kamenec pod Vtáčnikom
Prievidza,514071,Kanianka
Prievidza,514080,Kľačno
Prievidza,543047,Klátova Nová Ves
Prievidza,514098,Kocurany
Prievidza,543055,Kolačno
Prievidza,514101,Kostolná Ves
Prievidza,514110,Koš
Prievidza,556246,Krásno
Prievidza,514128,Lazany
Prievidza,514136,Lehota pod Vtáčnikom
Prievidza,514144,Liešťany
Prievidza,557706,Lipník
Prievidza,556173,Livina
Prievidza,556190,Livinské Opatovce
Prievidza,514179,Malá Čausa
Prievidza,505129,Malé Kršteňany
Prievidza,580953,Malé Uherce
Prievidza,514187,Malinová
Prievidza,505170,Nadlice
Prievidza,505196,Nedanovce
Prievidza,514209,Nedožery-Brezany
Prievidza,514217,Nevidzany
Prievidza,514225,Nitrianske Pravno
Prievidza,514233,Nitrianske Rudno
Prievidza,514241,Nitrianske Sučany
Prievidza,514250,Nitrica
Prievidza,514268,Nováky
Prievidza,514284,Opatovce nad Nitrou
Prievidza,514292,Oslany
Prievidza,505307,Ostratice
Prievidza,505315,Partizánske
Prievidza,505323,Pažiť
Prievidza,514306,Podhradie
Prievidza,514314,Poluvsie
Prievidza,514322,Poruba
Prievidza,514331,Pravenec
Prievidza,513881,Prievidza
Prievidza,514349,Radobica
Prievidza,514357,Ráztočno
Prievidza,514365,Rudnianska Lehota
Prievidza,514373,Sebedražie
Prievidza,514381,Seč
Prievidza,505463,Skačany
Prievidza,514390,Šútovce
Prievidza,514403,Temeš
Prievidza,556271,Turčianky
Prievidza,514411,Tužina
Prievidza,514420,Valaská Belá
Prievidza,514438,Veľká Čausa
Prievidza,505706,Veľké Kršteňany
Prievidza,505722,Veľké Uherce
Prievidza,505731,Veľký Klíž
Prievidza,514454,Zemianske Kostoľany
Prievidza,505803,Žabokreky nad Nitrou
Trenčín,505838,Adamovské Kochanovce
Trenčín,505854,Bobot
Trenčín,582301,Bohunice
Trenčín,512885,Bolešov
Trenčín,557391,Borčice
Trenčín,506087,Chocholná-Velčice
Trenčín,512931,Červený Kameň
Trenčín,505935,Dolná Poruba
Trenčín,505943,Dolná Súča
Trenčín,505960,Drietoma
Trenčín,513016,Dubnica nad Váhom
Trenčín,505978,Dubodiel
Trenčín,513024,Dulov
Trenčín,513091,Horná Poruba
Trenčín,506010,Horná Súča
Trenčín,506028,Horňany
Trenčín,506036,Horné Srnie
Trenčín,506044,Hrabovka
Trenčín,513156,Ilava
Trenčín,506095,Ivanovce
Trenčín,557404,Kameničany
Trenčín,506133,Kostolná-Záriečie
Trenčín,513253,Košeca
Trenčín,513351,Košecké Podhradie
Trenčín,557617,Krivoklát
Trenčín,506168,Krivosúd-Bodovka
Trenčín,513296,Ladce
Trenčín,545686,Melčice-Lieskové
Trenčín,513385,Mikušovce
Trenčín,506231,Mníchova Lehota
Trenčín,506273,Motešice
Trenčín,506281,Nemšová
Trenčín,506290,Neporadza
Trenčín,513440,Nová Dubnica
Trenčín,506354,Omšenie
Trenčín,506371,Opatovce
Trenčín,581348,Petrova Lehota
Trenčín,513598,Pruské
Trenčín,557412,Sedmerovec
Trenčín,506478,Selec
Trenčín,546682,Skalka nad Váhom
Trenčín,557421,Slavnica
Trenčín,506508,Soblahov
Trenčín,506532,Svinná
Trenčín,506541,Štvrtok
Trenčín,506559,Trenčianska Teplá
Trenčín,506567,Trenčianska Turná
Trenčín,506591,Trenčianske Jastrabie
Trenčín,506605,Trenčianske Mitice
Trenčín,545741,Trenčianske Stankovce
Trenčín,506613,Trenčianske Teplice
Trenčín,505820,Trenčín
Trenčín,513725,Tuchyňa
Trenčín,506648,Veľká Hradná
Trenčín,506656,Veľké Bierovce
Trenčín,557625,Vršatské Podhradie
Trenčín,556475,Zamarovce
Trenčín,513865,Zliechov
Komárno,501034,Bajč
Komárno,501395,Bátorove Kosihy
Komárno,501042,Bodza
Komárno,555819,Bodzianske Lúky
Komárno,501069,Brestovec
Komárno,501077,Búč
Komárno,501158,Chotín
Komárno,501085,Čalovec
Komárno,501093,Číčov
Komárno,501107,Dedina Mládeže
Komárno,501123,Dulovce
Komárno,580911,Holiare
Komárno,501140,Hurbanovo
Komárno,501166,Imeľ
Komárno,501174,Iža
Komárno,501182,Kameničná
Komárno,501191,Klížska Nemá
Komárno,501204,Kolárovo
Komárno,501026,Komárno
Komárno,501212,Kravany nad Dunajom
Komárno,501221,Lipové
Komárno,501239,Marcelová
Komárno,501247,Martovce
Komárno,501255,Moča
Komárno,501263,Modrany
Komárno,501271,Mudroňovo
Komárno,501280,Nesvady
Komárno,501301,Okoličná na Ostrove
Komárno,501310,Patince
Komárno,501328,Pribeta
Komárno,501336,Radvaň nad Dunajom
Komárno,501344,Sokolce
Komárno,501115,Svätý Peter
Komárno,501352,Šrobárová
Komárno,501361,Tôň
Komárno,501379,Trávnik
Komárno,501387,Veľké Kosihy
Komárno,555827,Virt
Komárno,501409,Vrbová nad Váhom
Komárno,501417,Zemianska Olča
Komárno,501425,Zlatná na Ostrove
Levice,502049,Bajka
Levice,502057,Bátovce
Levice,502065,Beša
Levice,502073,Bielovce
Levice,580937,Bohunice
Levice,502090,Bory
Levice,502103,Brhlovce
Levice,502111,Čajkov
Levice,502120,Čaka
Levice,555843,Čata
Levice,502154,Demandice
Levice,502162,Devičany
Levice,502171,Dolná Seč
Levice,502189,Dolné Semerovce
Levice,502197,Dolný Pial
Levice,502201,Domadice
Levice,502219,Drženice
Levice,502227,Farná
Levice,502243,Hokovce
Levice,502251,Hontianska Vrbica
Levice,545350,Hontianske Trsťany
Levice,502260,Horná Seč
Levice,502278,Horné Semerovce
Levice,502286,Horné Turovce
Levice,502294,Horný Pial
Levice,581895,Hrkovce
Levice,502324,Hronovce
Levice,502332,Hronské Kľačany
Levice,502341,Hronské Kosihy
Levice,502359,Iňa
Levice,502367,Ipeľské Úľany
Levice,502375,Ipeľský Sokolec
Levice,502383,Jabloňovce
Levice,556777,Jesenské
Levice,502391,Jur nad Hronom
Levice,502413,Kalná nad Hronom
Levice,502472,Keť
Levice,502421,Kozárovce
Levice,502430,Krškany
Levice,502448,Kubáňovo
Levice,502456,Kukučínov
Levice,502464,Kuraľany
Levice,502031,Levice
Levice,502481,Lok
Levice,502499,Lontov
Levice,502502,Lula
Levice,502511,Málaš
Levice,581135,Malé Kozmálovce
Levice,502537,Malé Ludince
Levice,502570,Mýtne Ludany
Levice,502588,Nová Dedina
Levice,502596,Nový Tekov
Levice,502600,Nýrovce
Levice,502618,Ondrejovce
Levice,502626,Pastovce
Levice,502634,Pečenice
Levice,502642,Plášťovce
Levice,502651,Plavé Vozokany
Levice,502669,Podlužany
Levice,502677,Pohronský Ruskov
Levice,502693,Pukanec
Levice,502707,Rybník
Levice,502715,Santovka
Levice,502723,Sazdice
Levice,502731,Sikenica
Levice,502740,Slatina
Levice,502758,Starý Hrádok
Levice,502766,Starý Tekov
Levice,502782,Šahy
Levice,502791,Šalov
Levice,502804,Šarovce
Levice,502812,Tehla
Levice,502821,Tekovské Lužany
Levice,502847,Tekovský Hrádok
Levice,502863,Tlmače
Levice,502871,Tupá
Levice,502880,Turá
Levice,502898,Uhliská
Levice,581160,Veľké Kozmálovce
Levice,502910,Veľké Ludince
Levice,502928,Veľké Turovce
Levice,502936,Veľký Ďur
Levice,502944,Vyškovce nad Ipľom
Levice,502952,Vyšné nad Hronom
Levice,502961,Zalaba
Levice,502979,Zbrojníky
Levice,502987,Želiezovce
Levice,502995,Žemberovce
Levice,503002,Žemliare
Nitra,500020,Alekšince
Nitra,500046,Báb
Nitra,581623,Babindol
Nitra,582697,Bádice
Nitra,500062,Beladice
Nitra,500071,Branč
Nitra,545589,Cabaj-Čápor
Nitra,500321,Choča
Nitra,582387,Čab
Nitra,500101,Čakajovce
Nitra,500127,Čaradice
Nitra,555886,Čechynce
Nitra,500135,Čeľadice
Nitra,555916,Červený Hrádok
Nitra,500151,Čierne Kľačany
Nitra,500160,Čifáre
Nitra,582425,Dolné Lefantovce
Nitra,500194,Dolné Obdokovce
Nitra,500232,Golianovo
Nitra,545635,Horné Lefantovce
Nitra,500283,Hostie
Nitra,555959,Hosťová
Nitra,500305,Hosťovce
Nitra,500313,Hruboňovo
Nitra,558320,Ivanka pri Nitre
Nitra,500356,Jarok
Nitra,500364,Jedľové Kostoľany
Nitra,500372,Jelenec
Nitra,500381,Jelšovce
Nitra,500399,Kapince
Nitra,500402,Klasov
Nitra,500411,Kolíňany
Nitra,500429,Kostoľany pod Tribečom
Nitra,500437,Ladice
Nitra,500453,Lehota
Nitra,500461,Lovce
Nitra,500470,Lúčnica nad Žitavou
Nitra,581097,Ľudovítová
Nitra,500488,Lukáčovce
Nitra,580899,Lužianky
Nitra,500500,Machulince
Nitra,556785,Malé Chyndice
Nitra,555924,Malé Vozokany
Nitra,500534,Malé Zálužie
Nitra,555908,Malý Cetín
Nitra,555851,Malý Lapáš
Nitra,500542,Mankovce
Nitra,500551,Martin nad Žitavou
Nitra,500569,Melek
Nitra,500577,Mojmírovce
Nitra,500585,Nemčiňany
Nitra,500593,Neverice
Nitra,500607,Nevidzany
Nitra,500011,Nitra
Nitra,556696,Nitrianske Hrnčiarovce
Nitra,500631,Nová Ves nad Žitavou
Nitra,500640,Nové Sady
Nitra,500658,Obyce
Nitra,500666,Paňa
Nitra,500674,Podhorany
Nitra,500682,Pohranice
Nitra,500691,Poľný Kesov
Nitra,500704,Rišňovce
Nitra,500712,Rumanová
Nitra,500721,Skýcov
Nitra,500747,Sľažany
Nitra,500755,Slepčany
Nitra,555991,Svätoplukovo
Nitra,581691,Štefanovičová
Nitra,582719,Štitáre
Nitra,500780,Šurianky
Nitra,500798,Tajná
Nitra,517305,Tekovské Nemce
Nitra,555967,Telince
Nitra,500810,Tesárske Mlyňany
Nitra,500828,Topoľčianky
Nitra,500836,Velčice
Nitra,500844,Veľká Dolina
Nitra,500518,Veľké Chyndice
Nitra,555932,Veľké Vozokany
Nitra,500887,Veľké Zálužie
Nitra,500895,Veľký Cetín
Nitra,555860,Veľký Lapáš
Nitra,500909,Vieska nad Žitavou
Nitra,500917,Vinodol
Nitra,500925,Volkovce
Nitra,500933,Vráble
Nitra,500941,Výčapy-Opatovce
Nitra,500950,Zbehy
Nitra,500968,Zlaté Moravce
Nitra,500976,Zlatno
Nitra,500984,Žikava
Nitra,500992,Žirany
Nitra,582816,Žitavany
Nitra,501018,Žitavce
Nové Zámky,503029,Andovce
Nové Zámky,503037,Bajtava
Nové Zámky,503045,Bánov
Nové Zámky,503053,Bardoňovo
Nové Zámky,503061,Belá
Nové Zámky,503070,Bešeňov
Nové Zámky,503088,Bíňa
Nové Zámky,503096,Branovo
Nové Zámky,503100,Bruty
Nové Zámky,503207,Chľaba
Nové Zámky,503118,Čechy
Nové Zámky,503126,Černík
Nové Zámky,503134,Dedinka
Nové Zámky,503151,Dolný Ohaj
Nové Zámky,503169,Dubník
Nové Zámky,503177,Dvory nad Žitavou
Nové Zámky,503185,Gbelce
Nové Zámky,503193,Hul
Nové Zámky,503215,Jasová
Nové Zámky,503223,Jatov
Nové Zámky,503231,Kamenica nad Hronom
Nové Zámky,503240,Kamenín
Nové Zámky,503258,Kamenný Most
Nové Zámky,503266,Kmeťovo
Nové Zámky,503274,Kolta
Nové Zámky,503282,Komjatice
Nové Zámky,503291,Komoča
Nové Zámky,503312,Leľa
Nové Zámky,503321,Lipová
Nové Zámky,503339,Ľubá
Nové Zámky,503347,Malá nad Hronom
Nové Zámky,503355,Malé Kosihy
Nové Zámky,503363,Maňa
Nové Zámky,503371,Michal nad Žitavou
Nové Zámky,503398,Mojzesovo
Nové Zámky,503401,Mužla
Nové Zámky,556092,Nána
Nové Zámky,503436,Nová Vieska
Nové Zámky,503011,Nové Zámky
Nové Zámky,582361,Obid
Nové Zámky,503452,Palárikovo
Nové Zámky,556033,Pavlová
Nové Zámky,503479,Podhájska
Nové Zámky,503487,Pozba
Nové Zámky,503495,Radava
Nové Zámky,503509,Rastislavice
Nové Zámky,503517,Rúbaň
Nové Zámky,503525,Salka
Nové Zámky,503533,Semerovo
Nové Zámky,503541,Sikenička
Nové Zámky,503550,Strekov
Nové Zámky,503568,Svodín
Nové Zámky,503576,Šarkan
Nové Zámky,503584,Štúrovo
Nové Zámky,503592,Šurany
Nové Zámky,503606,Trávnica
Nové Zámky,503614,Tvrdošovce
Nové Zámky,556050,Úľany nad Žitavou
Nové Zámky,503631,Veľké Lovce
Nové Zámky,503380,Veľký Kýr
Nové Zámky,556025,Vlkas
Nové Zámky,503649,Zemné
Šaľa,503711,Diakovce
Šaľa,503720,Dlhá nad Váhom
Šaľa,500241,Hájske
Šaľa,555878,Horná Kráľová
Šaľa,503886,Kráľová nad Váhom
Šaľa,500739,Močenok
Šaľa,503932,Neded
Šaľa,503991,Selice
Šaľa,504025,Šaľa
Šaľa,504068,Tešedíkovo
Šaľa,504092,Trnovec nad Váhom
Šaľa,504165,Vlčany
Šaľa,504190,Žihárec
Topoľčany,556220,Ardanovce
Topoľčany,542661,Belince
Topoľčany,542695,Biskupová
Topoľčany,542709,Blesovce
Topoľčany,542717,Bojná
Topoľčany,556165,Chrabrany
Topoľčany,556297,Čeľadince
Topoľčany,542792,Čermany
Topoľčany,556262,Dvorany nad Nitrou
Topoľčany,542881,Hajná Nová Ves
Topoľčany,556351,Horné Chlebany
Topoľčany,542938,Horné Obdokovce
Topoľčany,542954,Horné Štitáre
Topoľčany,542971,Hrušovany
Topoľčany,556157,Jacovce
Topoľčany,543039,Kamanová
Topoľčany,543063,Koniarovce
Topoľčany,543071,Kovarce
Topoľčany,543101,Krnča
Topoľčany,543110,Krtovce
Topoľčany,556149,Krušovce
Topoľčany,581704,Kuzmice
Topoľčany,505021,Lipovník
Topoľčany,505048,Ludanice
Topoľčany,505064,Lužany
Topoľčany,505137,Malé Ripňany
Topoľčany,581305,Nemčice
Topoľčany,505226,Nemečky
Topoľčany,505234,Nitrianska Blatnica
Topoľčany,505242,Nitrianska Streda
Topoľčany,505251,Norovce
Topoľčany,505285,Oponice
Topoľčany,556211,Orešany
Topoľčany,505340,Podhradie
Topoľčany,505374,Prašice
Topoľčany,581658,Práznovce
Topoľčany,505404,Preseľany
Topoľčany,505421,Radošina
Topoľčany,505439,Rajčany
Topoľčany,505498,Solčany
Topoľčany,556327,Solčianky
Topoľčany,505510,Súlovce
Topoľčany,556238,Svrbice
Topoľčany,505536,Šalgovce
Topoľčany,505561,Tesáre
Topoľčany,504998,Topoľčany
Topoľčany,580457,Tovarníky
Topoľčany,505617,Tvrdomestice
Topoľčany,505641,Urmince
Topoľčany,505676,Veľké Dvorany
Topoľčany,505714,Veľké Ripňany
Topoľčany,505749,Velušovce
Topoľčany,505757,Vozokany
Topoľčany,505773,Závada
Čadca,509132,Čadca
Čadca,509159,Čierne
Čadca,509167,Dlhá nad Kysucou
Čadca,509183,Dunajov
Čadca,509213,Klokočov
Čadca,509221,Klubina
Čadca,509230,Korňa
Čadca,509248,Krásno nad Kysucou
Čadca,509299,Makov
Čadca,509311,Nová Bystrica
Čadca,509337,Olešná
Čadca,509345,Oščadnica
Čadca,509361,Podvysoká
Čadca,509396,Radôstka
Čadca,509400,Raková
Čadca,509451,Skalité
Čadca,509477,Stará Bystrica
Čadca,509485,Staškov
Čadca,509493,Svrčinovec
Čadca,509507,Turzovka
Čadca,509515,Vysoká nad Kysucou
Čadca,509523,Zákopčie
Čadca,509531,Zborov nad Bystricou
Dolný Kubín,580813,Bziny
Dolný Kubín,509698,Chlebnice
Dolný Kubín,509639,Dlhá nad Oravou
Dolný Kubín,509540,Dolný Kubín
Dolný Kubín,509671,Horná Lehota
Dolný Kubín,509701,Istebné
Dolný Kubín,509710,Jasenová
Dolný Kubín,509744,Kraľovany
Dolný Kubín,509761,Krivá
Dolný Kubín,509787,Leštiny
Dolný Kubín,509825,Malatiná
Dolný Kubín,509833,Medzibrodie nad Oravou
Dolný Kubín,509922,Oravská Poruba
Dolný Kubín,509957,Oravský Podzámok
Dolný Kubín,509965,Osádka
Dolný Kubín,509973,Párnica
Dolný Kubín,509990,Pokryváč
Dolný Kubín,510009,Pribiš
Dolný Kubín,510017,Pucov
Dolný Kubín,510041,Sedliacka Dubová
Dolný Kubín,510165,Veličná
Dolný Kubín,510181,Vyšný Kubín
Dolný Kubín,510211,Zázrivá
Dolný Kubín,510254,Žaškov
Liptovský Mikuláš,510271,Beňadiková
Liptovský Mikuláš,510319,Bobrovček
Liptovský Mikuláš,510327,Bobrovec
Liptovský Mikuláš,510335,Bobrovník
Liptovský Mikuláš,510351,Bukovina
Liptovský Mikuláš,510386,Demänovská Dolina
Liptovský Mikuláš,510408,Dúbrava
Liptovský Mikuláš,510416,Galovany
Liptovský Mikuláš,510424,Gôtovany
Liptovský Mikuláš,510459,Huty
Liptovský Mikuláš,510467,Hybe
Liptovský Mikuláš,556807,Ižipovce
Liptovský Mikuláš,510505,Jakubovany
Liptovský Mikuláš,510513,Jalovec
Liptovský Mikuláš,510521,Jamník
Liptovský Mikuláš,507393,Konská
Liptovský Mikuláš,510564,Kráľova Lehota
Liptovský Mikuláš,510572,Kvačany
Liptovský Mikuláš,510581,Lazisko
Liptovský Mikuláš,510602,Liptovská Anna
Liptovský Mikuláš,510611,Liptovská Kokava
Liptovský Mikuláš,558281,Liptovská Porúbka
Liptovský Mikuláš,510653,Liptovská Sielnica
Liptovský Mikuláš,510688,Liptovské Beharovce
Liptovský Mikuláš,510696,Liptovské Kľačany
Liptovský Mikuláš,510700,Liptovské Matiašovce
Liptovský Mikuláš,510726,Liptovský Hrádok
Liptovský Mikuláš,510734,Liptovský Ján
Liptovský Mikuláš,510262,Liptovský Mikuláš
Liptovský Mikuláš,510751,Liptovský Ondrej
Liptovský Mikuláš,580287,Liptovský Peter
Liptovský Mikuláš,510777,Liptovský Trnovec
Liptovský Mikuláš,510793,Ľubeľa
Liptovský Mikuláš,510831,Malatíny
Liptovský Mikuláš,510840,Malé Borové
Liptovský Mikuláš,510858,Malužiná
Liptovský Mikuláš,510874,Nižná Boca
Liptovský Mikuláš,510904,Partizánska Ľupča
Liptovský Mikuláš,510912,Pavčina Lehota
Liptovský Mikuláš,510921,Pavlova Ves
Liptovský Mikuláš,510947,Podtureň
Liptovský Mikuláš,510963,Pribylina
Liptovský Mikuláš,510971,Prosiek
Liptovský Mikuláš,511013,Smrečany
Liptovský Mikuláš,511048,Svätý Kríž
Liptovský Mikuláš,511072,Trstené
Liptovský Mikuláš,511099,Uhorská Ves
Liptovský Mikuláš,511111,Vavrišovo
Liptovský Mikuláš,511129,Važec
Liptovský Mikuláš,511137,Veľké Borové
Liptovský Mikuláš,511145,Veterná Poruba
Liptovský Mikuláš,511153,Vlachy
Liptovský Mikuláš,511170,Východná
Liptovský Mikuláš,511188,Vyšná Boca
Liptovský Mikuláš,511196,Závažná Poruba
Liptovský Mikuláš,511200,Žiar
Martin,512044,Abramová
Martin,512052,Belá-Dulice
Martin,512061,Benice
Martin,512079,Blatnica
Martin,512087,Blažovce
Martin,512095,Bodorová
Martin,512109,Borcová
Martin,512117,Brieštie
Martin,512125,Budiš
Martin,512133,Bystrička
Martin,512141,Čremošné
Martin,512150,Ďanová
Martin,512168,Diaková
Martin,512206,Dolný Kalník
Martin,512214,Dražkovce
Martin,512222,Dubové
Martin,512257,Folkušová
Martin,512265,Háj
Martin,512273,Horná Štubňa
Martin,512290,Horný Kalník
Martin,512303,Ivančiná
Martin,512311,Jasenovo
Martin,512320,Jazernica
Martin,512338,Kaľamenová
Martin,512346,Karlová
Martin,512354,Kláštor pod Znievom
Martin,512371,Košťany nad Turcom
Martin,512389,Krpeľany
Martin,512397,Laskár
Martin,512419,Ležiachov
Martin,512427,Liešno
Martin,512435,Lipovec
Martin,512443,Malý Čepčín
Martin,512036,Martin
Martin,512451,Moškovec
Martin,512460,Mošovce
Martin,512478,Necpaly
Martin,512486,Nolčovo
Martin,512494,Ondrašová
Martin,512508,Podhradie
Martin,512524,Príbovce
Martin,512541,Rakovo
Martin,512559,Rakša
Martin,512567,Ratkovo
Martin,512575,Rudno
Martin,512583,Sklabiňa
Martin,512591,Sklabinský Podzámok
Martin,512605,Sklené
Martin,512613,Slovany
Martin,512621,Slovenské Pravno
Martin,512630,Socovce
Martin,512648,Sučany
Martin,512656,Šútovo
Martin,512664,Trebostovo
Martin,512672,Trnovo
Martin,512681,Turany
Martin,512699,Turček
Martin,512702,Turčianska Štiavnička
Martin,545961,Turčianske Jaseno
Martin,512711,Turčianske Kľačany
Martin,512729,Turčianske Teplice
Martin,512737,Turčiansky Ďur
Martin,512753,Turčiansky Peter
Martin,512761,Valča
Martin,512788,Veľký Čepčín
Martin,512796,Vrícko
Martin,557358,Vrútky
Martin,512818,Záborie
Martin,512834,Žabokreky
Námestovo,509558,Babín
Námestovo,509566,Beňadovo
Námestovo,509582,Bobrov
Námestovo,509591,Breza
Námestovo,509604,Brezovica
Námestovo,518719,Čimhová
Námestovo,509655,Habovka
Námestovo,509663,Hladovka
Námestovo,509680,Hruštín
Námestovo,509728,Klin
Námestovo,509779,Krušetnica
Námestovo,509795,Liesek
Námestovo,509809,Lokca
Námestovo,509817,Lomná
Námestovo,509850,Mútne
Námestovo,509868,Námestovo
Námestovo,509876,Nižná
Námestovo,509884,Novoť
Námestovo,509892,Oravská Jasenica
Námestovo,509906,Oravská Lesná
Námestovo,509914,Oravská Polhora
Námestovo,509931,Oravské Veselé
Námestovo,509949,Oravský Biely Potok
Námestovo,509981,Podbiel
Námestovo,510025,Rabča
Námestovo,510033,Rabčice
Námestovo,510050,Sihelné
Námestovo,510076,Suchá Hora
Námestovo,510084,Štefanov nad Oravou
Námestovo,510092,Ťapešovo
Námestovo,510106,Trstená
Námestovo,510114,Tvrdošín
Námestovo,510149,Vasiľov
Námestovo,510157,Vavrečka
Námestovo,510173,Vitanová
Námestovo,510190,Zábiedovo
Námestovo,510203,Zákamenné
Námestovo,510238,Zuberec
Námestovo,510246,Zubrohlava
Ružomberok,510301,Bešeňová
Ružomberok,510441,Hubová
Ružomberok,507300,Ivachnová
Ružomberok,510530,Kalameny
Ružomberok,510548,Komjatná
Ružomberok,510599,Likavka
Ružomberok,510629,Liptovská Lúžna
Ružomberok,510637,Liptovská Osada
Ružomberok,510661,Liptovská Štiavnica
Ružomberok,510670,Liptovská Teplá
Ružomberok,510718,Liptovské Revúce
Ružomberok,511005,Liptovské Sliače
Ružomberok,510742,Liptovský Michal
Ružomberok,510785,Lisková
Ružomberok,510807,Ľubochňa
Ružomberok,510815,Lúčky
Ružomberok,510823,Ludrová
Ružomberok,510866,Martinček
Ružomberok,510955,Potok
Ružomberok,510998,Ružomberok
Ružomberok,511030,Stankovany
Ružomberok,511056,Štiavnička
Ružomberok,511064,Švošov
Ružomberok,507407,Turík
Ružomberok,511102,Valaská Dubová
Žilina,517429,Belá
Žilina,547522,Bitarová
Žilina,547557,Brezany
Žilina,517461,Bytča
Žilina,517470,Čičmany
Žilina,517488,Divina
Žilina,517496,Divinka
Žilina,517500,Dlhé Pole
Žilina,517518,Dolná Tižina
Žilina,517526,Dolný Hričov
Žilina,509175,Dolný Vadičov
Žilina,557986,Ďurčiná
Žilina,517542,Fačkov
Žilina,517551,Gbeľany
Žilina,581984,Hlboké nad Váhom
Žilina,517577,Hôrky
Žilina,517593,Horný Hričov
Žilina,509205,Horný Vadičov
Žilina,547590,Hričovské Podhradie
Žilina,517623,Hvozdnica
Žilina,517631,Jablonové
Žilina,517640,Jasenové
Žilina,517658,Kamenná Poruba
Žilina,557994,Kľače
Žilina,517674,Kolárovice
Žilina,517682,Konská
Žilina,517691,Kotešová
Žilina,517704,Kotrčiná Lúčka
Žilina,517712,Krasňany
Žilina,517721,Kunerad
Žilina,509256,Kysucké Nové Mesto
Žilina,509264,Kysucký Lieskovec
Žilina,517739,Lietava
Žilina,557935,Lietavská Lúčka
Žilina,517755,Lietavská Svinná-Babkov
Žilina,509272,Lodno
Žilina,509281,Lopušné Pažite
Žilina,517763,Lutiše
Žilina,517771,Lysica
Žilina,517780,Malá Čierna
Žilina,517798,Maršová-Rašov
Žilina,517801,Mojš
Žilina,517828,Nededza
Žilina,509302,Nesluša
Žilina,558168,Nezbudská Lúčka
Žilina,509329,Ochodnica
Žilina,547611,Ovčiarsko
Žilina,547620,Paština Závada
Žilina,517861,Petrovice
Žilina,517879,Podhorie
Žilina,557960,Porúbka
Žilina,509370,Povina
Žilina,517895,Predmier
Žilina,580791,Radoľa
Žilina,517917,Rajec
Žilina,517925,Rajecká Lesná
Žilina,517933,Rajecké Teplice
Žilina,517941,Rosina
Žilina,509426,Rudina
Žilina,509434,Rudinka
Žilina,509442,Rudinská
Žilina,509469,Snežnica
Žilina,517950,Stráňavy
Žilina,517968,Stránske
Žilina,517976,Stráža
Žilina,517984,Strečno
Žilina,517992,Súľov-Hradná
Žilina,518000,Svederník
Žilina,518018,Štiavnik
Žilina,581712,Šuja
Žilina,518034,Teplička nad Váhom
Žilina,518042,Terchová
Žilina,518051,Turie
Žilina,518069,Varín
Žilina,518077,Veľká Čierna
Žilina,518085,Veľké Rovné
Žilina,518093,Višňové
Žilina,518131,Zbyňov
Žilina,517402,Žilina
Banská Bystrica,508454,Badín
Banská Bystrica,508471,Baláže
Banská Bystrica,508438,Banská Bystrica
Banská Bystrica,508675,Brusno
Banská Bystrica,508519,Čerín
Banská Bystrica,508543,Dolná Mičiná
Banská Bystrica,508551,Dolný Harmanec
Banská Bystrica,508560,Donovaly
Banská Bystrica,508586,Dúbravica
Banská Bystrica,508594,Harmanec
Banská Bystrica,508616,Hiadeľ
Banská Bystrica,508632,Horná Mičiná
Banská Bystrica,508641,Horné Pršany
Banská Bystrica,508659,Hrochoť
Banská Bystrica,580236,Hronsek
Banská Bystrica,508713,Kordíky
Banská Bystrica,508721,Králiky
Banská Bystrica,557277,Kynceľová
Banská Bystrica,508748,Ľubietová
Banská Bystrica,508756,Lučatín
Banská Bystrica,580244,Malachov
Banská Bystrica,508764,Medzibrod
Banská Bystrica,508781,Môlča
Banská Bystrica,508799,Moštenica
Banská Bystrica,508802,Motyčky
Banská Bystrica,557285,Nemce
Banská Bystrica,508837,Oravce
Banská Bystrica,508861,Podkonice
Banská Bystrica,508896,Pohronský Bukovec
Banská Bystrica,508918,Poniky
Banská Bystrica,508926,Povrazník
Banská Bystrica,508942,Priechod
Banská Bystrica,508969,Riečka
Banská Bystrica,508977,Sebedín-Bečov
Banská Bystrica,508985,Selce
Banská Bystrica,509001,Slovenská Ľupča
Banská Bystrica,509019,Staré Hory
Banská Bystrica,509027,Strelníky
Banská Bystrica,509035,Špania Dolina
Banská Bystrica,509060,Tajov
Banská Bystrica,557269,Turecká
Banská Bystrica,557293,Vlkanová
Brezno,508446,Bacúch
Brezno,508462,Beňuš
Brezno,508489,Braväcovo
Brezno,508497,Brezno
Brezno,557251,Bystrá
Brezno,508527,Čierny Balog
Brezno,508535,Dolná Lehota
Brezno,508578,Drábsko
Brezno,508608,Heľpa
Brezno,508624,Horná Lehota
Brezno,508667,Hronec
Brezno,508691,Jarabá
Brezno,508705,Jasenie
Brezno,508730,Lom nad Rimavicou
Brezno,508772,Michalová
Brezno,508811,Mýto pod Ďumbierom
Brezno,508829,Nemecká
Brezno,508845,Osrblie
Brezno,508853,Podbrezová
Brezno,508870,Pohorelá
Brezno,508888,Pohronská Polhora
Brezno,508900,Polomka
Brezno,508934,Predajná
Brezno,508951,Ráztoka
Brezno,508993,Sihla
Brezno,509043,Šumiac
Brezno,509051,Telgárt
Brezno,509086,Valaská
Brezno,509094,Vaľkovňa
Brezno,509124,Závadka nad Hronom
Lučenec,511226,Ábelová
Lučenec,511234,Belina
Lučenec,557315,Biskupice
Lučenec,511251,Boľkovce
Lučenec,511269,Breznička
Lučenec,511277,Budiná
Lučenec,558273,Bulhary
Lučenec,511293,Buzitka
Lučenec,511315,Cinobaňa
Lučenec,511323,Čakanovce
Lučenec,511331,Čamovce
Lučenec,511340,České Brezovo
Lučenec,511358,Divín
Lučenec,511366,Dobroč
Lučenec,557323,Ďubákovo
Lučenec,511391,Fiľakovo
Lučenec,511404,Fiľakovské Kováče
Lučenec,557331,Gregorova Vieska
Lučenec,511421,Halič
Lučenec,511439,Holiša
Lučenec,511447,Hradište
Lučenec,514900,Hrnčiarska Ves
Lučenec,514918,Hrnčiarske Zalužany
Lučenec,511463,Jelšovec
Lučenec,511471,Kalinovo
Lučenec,511480,Kalonda
Lučenec,511498,Kokava nad Rimavicou
Lučenec,511374,Kotmanová
Lučenec,511501,Krná
Lučenec,511528,Lehôtka
Lučenec,511536,Lentvora
Lučenec,511544,Lipovany
Lučenec,511552,Lovinobaňa
Lučenec,511561,Ľuboreč
Lučenec,511218,Lučenec
Lučenec,511579,Lupoč
Lučenec,511595,Málinec
Lučenec,511609,Mašková
Lučenec,580309,Mikušovce
Lučenec,511617,Mládzovo
Lučenec,511625,Mučín
Lučenec,511641,Mýtna
Lučenec,511668,Nitra nad Ipľom
Lučenec,511676,Nové Hony
Lučenec,511684,Ozdín
Lučenec,511692,Panické Dravce
Lučenec,511706,Píla
Lučenec,511714,Pinciná
Lučenec,511722,Pleš
Lučenec,511749,Podrečany
Lučenec,511757,Polichno
Lučenec,511765,Poltár
Lučenec,511773,Praha
Lučenec,511781,Prša
Lučenec,511790,Radzovce
Lučenec,511803,Rapovce
Lučenec,511811,Ratka
Lučenec,511820,Rovňany
Lučenec,511838,Ružiná
Lučenec,515515,Selce
Lučenec,511846,Stará Halič
Lučenec,515591,Sušany
Lučenec,511854,Šávoľ
Lučenec,511862,Šiatorská Bukovinka
Lučenec,511871,Šíd
Lučenec,511889,Šoltýska
Lučenec,511897,Šurice
Lučenec,511901,Točnica
Lučenec,511919,Tomášovce
Lučenec,511927,Trebeľovce
Lučenec,557340,Trenč
Lučenec,511943,Tuhár
Lučenec,511978,Uhorské
Lučenec,580317,Utekáč
Lučenec,511994,Veľká nad Ipľom
Lučenec,512001,Veľká Ves
Lučenec,512010,Veľké Dravce
Lučenec,557307,Vidiná
Lučenec,582051,Zlatno
Rimavská Sobota,557757,Abovce
Rimavská Sobota,514489,Babinec
Rimavská Sobota,514501,Barca
Rimavská Sobota,514519,Bátka
Rimavská Sobota,514535,Belín
Rimavská Sobota,514543,Blhovce
Rimavská Sobota,514551,Bottovo
Rimavská Sobota,514586,Budikovany
Rimavská Sobota,514594,Cakov
Rimavská Sobota,514951,Chanava
Rimavská Sobota,514969,Chrámec
Rimavská Sobota,514977,Chvalová
Rimavská Sobota,525774,Chyžné
Rimavská Sobota,514608,Čerenčany
Rimavská Sobota,514616,Čierny Potok
Rimavská Sobota,514624,Číž
Rimavská Sobota,514632,Dolné Zahorany
Rimavská Sobota,514641,Dražice
Rimavská Sobota,514659,Drienčany
Rimavská Sobota,514667,Drňa
Rimavská Sobota,514675,Držkovce
Rimavská Sobota,514683,Dubno
Rimavská Sobota,514691,Dubovec
Rimavská Sobota,557919,Dulovo
Rimavská Sobota,514713,Figa
Rimavská Sobota,514721,Gemer
Rimavská Sobota,514730,Gemerček
Rimavská Sobota,514756,Gemerská Ves
Rimavská Sobota,514764,Gemerské Dechtáre
Rimavská Sobota,557889,Gemerské Michalovce
Rimavská Sobota,525677,Gemerské Teplice
Rimavská Sobota,514781,Gemerský Jablonec
Rimavská Sobota,525685,Gemerský Sad
Rimavská Sobota,514799,Gortva
Rimavská Sobota,514811,Hajnáčka
Rimavská Sobota,514829,Hnúšťa
Rimavská Sobota,514837,Hodejov
Rimavská Sobota,514845,Hodejovec
Rimavská Sobota,514853,Horné Zahorany
Rimavská Sobota,514861,Hostice
Rimavská Sobota,514870,Hostišovce
Rimavská Sobota,514888,Hrachovo
Rimavská Sobota,514896,Hrlica
Rimavská Sobota,514926,Hrušovo
Rimavská Sobota,514934,Hubovo
Rimavská Sobota,525766,Hucín
Rimavská Sobota,514942,Husiná
Rimavská Sobota,514985,Ivanice
Rimavská Sobota,514993,Janice
Rimavská Sobota,525791,Jelšava
Rimavská Sobota,515001,Jesenské
Rimavská Sobota,515019,Jestice
Rimavská Sobota,515027,Kaloša
Rimavská Sobota,525812,Kameňany
Rimavská Sobota,515035,Kesovce
Rimavská Sobota,515043,Klenovec
Rimavská Sobota,515051,Kociha
Rimavská Sobota,515060,Konrádovce
Rimavská Sobota,515078,Kráľ
Rimavská Sobota,515086,Kraskovo
Rimavská Sobota,515094,Krokava
Rimavská Sobota,515108,Kružno
Rimavská Sobota,515116,Kyjatice
Rimavská Sobota,515124,Lehota nad Rimavicou
Rimavská Sobota,515132,Lenartovce
Rimavská Sobota,515141,Lenka
Rimavská Sobota,515574,Leváre
Rimavská Sobota,515159,Levkuška
Rimavská Sobota,525901,Licince
Rimavská Sobota,515167,Lipovec
Rimavská Sobota,525928,Lubeník
Rimavská Sobota,515175,Lukovištia
Rimavská Sobota,525944,Magnezitovce
Rimavská Sobota,515183,Martinová
Rimavská Sobota,580384,Mokrá Lúka
Rimavská Sobota,525987,Muráň
Rimavská Sobota,525995,Muránska Dlhá Lúka
Rimavská Sobota,526002,Muránska Huta
Rimavská Sobota,526011,Muránska Lehota
Rimavská Sobota,526029,Muránska Zdychava
Rimavská Sobota,526037,Nandraž
Rimavská Sobota,515205,Neporadza
Rimavská Sobota,557790,Nižný Skálnik
Rimavská Sobota,515230,Nová Bašta
Rimavská Sobota,515248,Orávka
Rimavská Sobota,515256,Otročok
Rimavská Sobota,515264,Ožďany
Rimavská Sobota,515272,Padarovce
Rimavská Sobota,515281,Pavlovce
Rimavská Sobota,515299,Petrovce
Rimavská Sobota,515302,Ploské
Rimavská Sobota,515311,Polina
Rimavská Sobota,515337,Poproč
Rimavská Sobota,515345,Potok
Rimavská Sobota,526100,Prihradzany
Rimavská Sobota,515353,Radnovce
Rimavská Sobota,526118,Rákoš
Rimavská Sobota,557854,Rakytník
Rimavská Sobota,515361,Rašice
Rimavská Sobota,515370,Ratková
Rimavská Sobota,515388,Ratkovská Lehota
Rimavská Sobota,515396,Ratkovská Suchá
Rimavská Sobota,515400,Ratkovské Bystré
Rimavská Sobota,526142,Revúca
Rimavská Sobota,526151,Revúcka Lehota
Rimavská Sobota,557765,Riečka
Rimavská Sobota,515426,Rimavská Baňa
Rimavská Sobota,515442,Rimavská Seč
Rimavská Sobota,514462,Rimavská Sobota
Rimavská Sobota,515451,Rimavské Brezovo
Rimavská Sobota,515469,Rimavské Janovce
Rimavská Sobota,557811,Rimavské Zalužany
Rimavská Sobota,515485,Rovné
Rimavská Sobota,515493,Rumince
Rimavská Sobota,515507,Rybník
Rimavská Sobota,557820,Sása
Rimavská Sobota,526258,Sirk
Rimavská Sobota,515523,Skerešovo
Rimavská Sobota,515531,Slizké
Rimavská Sobota,515540,Stará Bašta
Rimavská Sobota,515566,Stránska
Rimavská Sobota,515582,Studená
Rimavská Sobota,515604,Sútor
Rimavská Sobota,515621,Šimonovce
Rimavská Sobota,515639,Širkovce
Rimavská Sobota,526304,Šivetice
Rimavská Sobota,515647,Španie Pole
Rimavská Sobota,515655,Štrkovec
Rimavská Sobota,515663,Tachty
Rimavská Sobota,515671,Teplý Vrch
Rimavská Sobota,515680,Tisovec
Rimavská Sobota,515698,Tomášovce
Rimavská Sobota,515612,Tornaľa
Rimavská Sobota,526321,Turčok
Rimavská Sobota,515701,Uzovská Panica
Rimavská Sobota,515795,Valice
Rimavská Sobota,515710,Včelince
Rimavská Sobota,515728,Večelkov
Rimavská Sobota,515736,Veľké Teriakovce
Rimavská Sobota,515744,Veľký Blh
Rimavská Sobota,515752,Vieska nad Blhom
Rimavská Sobota,515761,Višňové
Rimavská Sobota,515779,Vlkyňa
Rimavská Sobota,557901,Vyšné Valice
Rimavská Sobota,515809,Vyšný Skálnik
Rimavská Sobota,557927,Zacharovce
Rimavská Sobota,515817,Zádor
Rimavská Sobota,515833,Žiar
Rimavská Sobota,515841,Žíp
Veľký Krtíš,515868,Balog nad Ipľom
Veľký Krtíš,515876,Bátorová
Veľký Krtíš,515884,Brusník
Veľký Krtíš,515892,Bušince
Veľký Krtíš,516058,Chrastince
Veľký Krtíš,516066,Chrťany
Veľký Krtíš,515906,Čebovce
Veľký Krtíš,515914,Čeláre
Veľký Krtíš,515922,Čelovce
Veľký Krtíš,515931,Červeňany
Veľký Krtíš,515949,Dačov Lom
Veľký Krtíš,515957,Dolinka
Veľký Krtíš,515965,Dolná Strehová
Veľký Krtíš,515973,Dolné Plachtince
Veľký Krtíš,515981,Dolné Strháre
Veľký Krtíš,515990,Ďurkovce
Veľký Krtíš,516007,Glabušovce
Veľký Krtíš,516015,Horná Strehová
Veľký Krtíš,516023,Horné Plachtince
Veľký Krtíš,516031,Horné Strháre
Veľký Krtíš,516040,Hrušov
Veľký Krtíš,516074,Ipeľské Predmostie
Veľký Krtíš,516082,Kamenné Kosihy
Veľký Krtíš,516091,Kiarov
Veľký Krtíš,516104,Kleňany
Veľký Krtíš,516112,Koláre
Veľký Krtíš,516121,Kosihovce
Veľký Krtíš,516139,Kosihy nad Ipľom
Veľký Krtíš,516147,Kováčovce
Veľký Krtíš,516155,Lesenice
Veľký Krtíš,516163,Ľuboriečka
Veľký Krtíš,516171,Malá Čalomija
Veľký Krtíš,558206,Malé Straciny
Veľký Krtíš,516198,Malé Zlievce
Veľký Krtíš,558192,Malý Krtíš
Veľký Krtíš,516210,Modrý Kameň
Veľký Krtíš,516228,Muľa
Veľký Krtíš,516236,Nenince
Veľký Krtíš,516244,Nová Ves
Veľký Krtíš,516252,Obeckov
Veľký Krtíš,516261,Olováry
Veľký Krtíš,516279,Opatovská Nová Ves
Veľký Krtíš,516287,Opava
Veľký Krtíš,516295,Pôtor
Veľký Krtíš,516309,Pravica
Veľký Krtíš,516317,Príbelce
Veľký Krtíš,516333,Sečianky
Veľký Krtíš,516341,Seľany
Veľký Krtíš,516368,Senné
Veľký Krtíš,516376,Sklabiná
Veľký Krtíš,516384,Slovenské Ďarmoty
Veľký Krtíš,516392,Slovenské Kľačany
Veľký Krtíš,516406,Stredné Plachtince
Veľký Krtíš,516414,Sucháň
Veľký Krtíš,516422,Suché Brezovo
Veľký Krtíš,516431,Širákov
Veľký Krtíš,516449,Šuľa
Veľký Krtíš,516457,Trebušovce
Veľký Krtíš,516465,Veľká Čalomija
Veľký Krtíš,516473,Veľká Ves nad Ipľom
Veľký Krtíš,558214,Veľké Straciny
Veľký Krtíš,516490,Veľké Zlievce
Veľký Krtíš,515850,Veľký Krtíš
Veľký Krtíš,516503,Veľký Lom
Veľký Krtíš,516511,Vieska
Veľký Krtíš,516520,Vinica
Veľký Krtíš,516538,Vrbovka
Veľký Krtíš,516546,Záhorce
Veľký Krtíš,516554,Závada
Veľký Krtíš,516562,Zombor
Veľký Krtíš,516571,Želovce
Zvolen,518166,Babiná
Zvolen,518174,Bacúrov
Zvolen,518191,Breziny
Zvolen,518204,Budča
Zvolen,518212,Bzovík
Zvolen,518221,Bzovská Lehôtka
Zvolen,518239,Cerovo
Zvolen,518247,Čabradský Vrbovok
Zvolen,518255,Čekovce
Zvolen,518263,Detva
Zvolen,518271,Detvianska Huta
Zvolen,518280,Devičie
Zvolen,518298,Dobrá Niva
Zvolen,518301,Dolné Mladonice
Zvolen,518310,Dolný Badín
Zvolen,518336,Domaníky
Zvolen,518344,Drážovce
Zvolen,518352,Drienovo
Zvolen,518361,Dubové
Zvolen,518379,Dúbravy
Zvolen,518387,Dudince
Zvolen,518409,Hontianske Moravce
Zvolen,518417,Hontianske Nemce
Zvolen,518425,Hontianske Tesáre
Zvolen,518433,Horné Mladonice
Zvolen,518441,Horný Badín
Zvolen,518450,Horný Tisovník
Zvolen,518468,Hriňová
Zvolen,518476,Hronská Breznica
Zvolen,518484,Jalšovík
Zvolen,518492,Klokoč
Zvolen,580520,Korytárky
Zvolen,518506,Kováčová
Zvolen,518514,Kozí Vrbovok
Zvolen,518531,Kráľovce-Krnišov
Zvolen,518549,Kriváň
Zvolen,518557,Krupina
Zvolen,518565,Lackov
Zvolen,518573,Ladzany
Zvolen,511510,Látky
Zvolen,558133,Lieskovec
Zvolen,518603,Lišov
Zvolen,518611,Litava
Zvolen,558087,Lukavica
Zvolen,518646,Medovarce
Zvolen,518654,Michalková
Zvolen,518662,Očová
Zvolen,518671,Ostrá Lúka
Zvolen,518689,Pliešovce
Zvolen,511731,Podkriváň
Zvolen,518697,Podzámčok
Zvolen,518701,Rykynčice
Zvolen,518727,Sása
Zvolen,518735,Sebechleby
Zvolen,518743,Selce
Zvolen,518751,Senohrad
Zvolen,518760,Sielnica
Zvolen,518794,Slatinské Lazy
Zvolen,518808,Sliač
Zvolen,518816,Stará Huta
Zvolen,518824,Stožok
Zvolen,518832,Sudince
Zvolen,518841,Súdovce
Zvolen,518867,Terany
Zvolen,518875,Tŕnie
Zvolen,518883,Trpín
Zvolen,518891,Turová
Zvolen,518905,Uňatín
Zvolen,581585,Veľká Lúka
Zvolen,518921,Vígľaš
Zvolen,518930,Vígľašská Huta-Kalinka
Zvolen,518956,Zemiansky Vrbovok
Zvolen,518158,Zvolen
Zvolen,518972,Zvolenská Slatina
Zvolen,518981,Železná Breznica
Zvolen,518999,Žibritov
Žiar nad Hronom,516601,Baďan
Žiar nad Hronom,516627,Banská Belá
Žiar nad Hronom,516643,Banská Štiavnica
Žiar nad Hronom,516651,Banský Studenec
Žiar nad Hronom,516660,Bartošova Lehôtka
Žiar nad Hronom,516678,Beluj
Žiar nad Hronom,581607,Brehy
Žiar nad Hronom,516708,Bzenica
Žiar nad Hronom,516716,Dekýš
Žiar nad Hronom,516724,Dolná Trnávka
Žiar nad Hronom,516732,Dolná Ves
Žiar nad Hronom,516741,Dolná Ždaňa
Žiar nad Hronom,516767,Hliník nad Hronom
Žiar nad Hronom,516759,Hodruša-Hámre
Žiar nad Hronom,581747,Horná Ves
Žiar nad Hronom,516791,Horná Ždaňa
Žiar nad Hronom,516805,Horné Hámre
Žiar nad Hronom,516813,Hrabičov
Žiar nad Hronom,516821,Hronská Dúbrava
Žiar nad Hronom,516830,Hronský Beňadik
Žiar nad Hronom,516848,Ihráč
Žiar nad Hronom,516856,Ilija
Žiar nad Hronom,516872,Janova Lehota
Žiar nad Hronom,516881,Jastrabá
Žiar nad Hronom,516902,Kľak
Žiar nad Hronom,516937,Kopernica
Žiar nad Hronom,516945,Kosorín
Žiar nad Hronom,516953,Kozelník
Žiar nad Hronom,516961,Krahule
Žiar nad Hronom,516970,Kremnica
Žiar nad Hronom,516988,Kremnické Bane
Žiar nad Hronom,516996,Kunešov
Žiar nad Hronom,599328,Ladomerská Vieska
Žiar nad Hronom,517011,Lehôtka pod Brehmi
Žiar nad Hronom,517020,Lovča
Žiar nad Hronom,517038,Lovčica-Trubín
Žiar nad Hronom,517046,Lúčky
Žiar nad Hronom,599336,Lutila
Žiar nad Hronom,517062,Malá Lehota
Žiar nad Hronom,517071,Močiar
Žiar nad Hronom,517089,Nevoľné
Žiar nad Hronom,517097,Nová Baňa
Žiar nad Hronom,580546,Orovnica
Žiar nad Hronom,517119,Ostrý Grúň
Žiar nad Hronom,517127,Píla
Žiar nad Hronom,517135,Pitelová
Žiar nad Hronom,517160,Počúvadlo
Žiar nad Hronom,517143,Podhorie
Žiar nad Hronom,517178,Prenčov
Žiar nad Hronom,517186,Prestavlky
Žiar nad Hronom,517194,Prochot
Žiar nad Hronom,517216,Repište
Žiar nad Hronom,517232,Rudno nad Hronom
Žiar nad Hronom,517241,Sklené Teplice
Žiar nad Hronom,517259,Slaská
Žiar nad Hronom,517267,Stará Kremnička
Žiar nad Hronom,516597,Svätý Anton
Žiar nad Hronom,517283,Štiavnické Bane
Žiar nad Hronom,517291,Tekovská Breznica
Žiar nad Hronom,517313,Trnavá Hora
Žiar nad Hronom,517330,Veľká Lehota
Žiar nad Hronom,517348,Veľké Pole
Žiar nad Hronom,517356,Voznica
Žiar nad Hronom,517364,Vyhne
Žiar nad Hronom,517372,Vysoká
Žiar nad Hronom,517381,Žarnovica
Žiar nad Hronom,516589,Žiar nad Hronom
Žiar nad Hronom,517399,Župkov
Bardejov,519014,Abrahámovce
Bardejov,519022,Andrejová
Bardejov,519006,Bardejov
Bardejov,519049,Bartošovce
Bardejov,519057,Becherov
Bardejov,519065,Beloveža
Bardejov,519073,Bogliarka
Bardejov,519081,Brezov
Bardejov,519090,Brezovka
Bardejov,519103,Buclovany
Bardejov,519286,Chmeľová
Bardejov,519111,Cigeľka
Bardejov,519138,Dubinné
Bardejov,519154,Frička
Bardejov,519162,Fričkovce
Bardejov,519171,Gaboltov
Bardejov,519189,Gerlachov
Bardejov,519201,Hankovce
Bardejov,519219,Harhaj
Bardejov,519227,Hažlín
Bardejov,519235,Hertník
Bardejov,519243,Hervartov
Bardejov,519251,Hrabovec
Bardejov,519260,Hrabské
Bardejov,519278,Hutka
Bardejov,519294,Janovce
Bardejov,519308,Jedlinka
Bardejov,519324,Kľušov
Bardejov,519341,Kobyly
Bardejov,519359,Kochanovce
Bardejov,519367,Komárov
Bardejov,519375,Koprivnica
Bardejov,519383,Kožany
Bardejov,519405,Krivé
Bardejov,519413,Kríže
Bardejov,519421,Kružlov
Bardejov,519430,Kučín
Bardejov,519456,Kurima
Bardejov,519464,Kurov
Bardejov,519472,Lascov
Bardejov,519481,Lenartov
Bardejov,519499,Lipová
Bardejov,519502,Livov
Bardejov,519511,Livovská Huta
Bardejov,519529,Lopúchov
Bardejov,519545,Lukavica
Bardejov,519553,Lukov
Bardejov,519570,Malcov
Bardejov,519588,Marhaň
Bardejov,519600,Mikulášová
Bardejov,519618,Mokroluh
Bardejov,519626,Nemcovce
Bardejov,519634,Nižná Polianka
Bardejov,519642,Nižná Voľa
Bardejov,519669,Nižný Tvarožec
Bardejov,519677,Oľšavce
Bardejov,519685,Ondavka
Bardejov,519693,Ortuťová
Bardejov,519707,Osikov
Bardejov,519715,Petrová
Bardejov,519723,Poliakovce
Bardejov,519731,Porúbka
Bardejov,519936,Raslavice
Bardejov,519740,Regetovka
Bardejov,519758,Rešov
Bardejov,519766,Richvald
Bardejov,519774,Rokytov
Bardejov,519782,Smilno
Bardejov,519791,Snakov
Bardejov,519804,Stebnícka Huta
Bardejov,519812,Stebník
Bardejov,519821,Stuľany
Bardejov,519839,Sveržov
Bardejov,519847,Šarišské Čierne
Bardejov,519855,Šašová
Bardejov,519863,Šiba
Bardejov,519871,Tarnov
Bardejov,519880,Tročany
Bardejov,518964,Vaniškovce
Bardejov,519901,Varadka
Bardejov,519910,Vyšná Polianka
Bardejov,519928,Vyšná Voľa
Bardejov,519944,Vyšný Kručov
Bardejov,519952,Vyšný Tvarožec
Bardejov,519961,Zborov
Bardejov,519979,Zlaté
Humenné,520012,Adidovce
Humenné,520021,Baškovce
Humenné,520039,Belá nad Cirochou
Humenné,520055,Brekov
Humenné,520063,Brestov
Humenné,520071,Brestov nad Laborcom
Humenné,520080,Brezovec
Humenné,520268,Chlmec
Humenné,520098,Čabalovce
Humenné,520101,Čabiny
Humenné,520110,Černina
Humenné,520128,Čertižné
Humenné,520136,Čukalovce
Humenné,520152,Dedačov
Humenné,520161,Dlhé nad Cirochou
Humenné,520179,Dúbrava
Humenné,559644,Gruzovce
Humenné,520187,Habura
Humenné,520195,Hankovce
Humenné,559598,Hažín nad Cirochou
Humenné,520209,Hostovice
Humenné,520217,Hrabová Roztoka
Humenné,520225,Hrabovec nad Laborcom
Humenné,520233,Hrubov
Humenné,520241,Hudcovce
Humenné,520004,Humenné
Humenné,520276,Jabloň
Humenné,520284,Jalová
Humenné,520292,Jankovce
Humenné,559547,Jasenov
Humenné,520314,Kalinov
Humenné,520322,Kalná Roztoka
Humenné,520331,Kamenica nad Cirochou
Humenné,520349,Kamienka
Humenné,520357,Karná
Humenné,520365,Klenová
Humenné,520373,Kochanovce
Humenné,520381,Kolbasov
Humenné,520390,Kolonica
Humenné,528803,Košarovce
Humenné,520403,Koškovce
Humenné,520411,Krásny Brod
Humenné,582140,Lackovce
Humenné,520438,Ladomirov
Humenné,520446,Lieskovec
Humenné,520454,Ľubiša
Humenné,520462,Lukačovce
Humenné,559652,Maškovce
Humenné,520471,Medzilaborce
Humenné,520489,Michajlov
Humenné,520497,Modra nad Cirochou
Humenné,520501,Myslina
Humenné,520519,Ňagov
Humenné,520527,Nechválova  Polianka
Humenné,520535,Nižná Jablonka
Humenné,528897,Nižná Sitnica
Humenné,520543,Nižné Ladičkovce
Humenné,520551,Nová Sedlica
Humenné,520560,Ohradzany
Humenné,520578,Oľka
Humenné,520586,Oľšinkov
Humenné,520594,Osadné
Humenné,528951,Pakostov
Humenné,520616,Palota
Humenné,520624,Papín
Humenné,520632,Parihuzovce
Humenné,520641,Pčoliné
Humenné,520659,Pichne
Humenné,520667,Porúbka
Humenné,520675,Príslop
Humenné,529010,Prituľany
Humenné,520683,Ptičie
Humenné,520691,Radvaň nad Laborcom
Humenné,520705,Repejov
Humenné,529061,Rohožník
Humenné,520250,Rokytov pri Humennom
Humenné,559610,Rokytovce
Humenné,520713,Roškovce
Humenné,520721,Rovné
Humenné,520730,Runina
Humenné,529087,Ruská Kajňa
Humenné,529095,Ruská Poruba
Humenné,520748,Ruská Volová
Humenné,520764,Ruský Potok
Humenné,520772,Slovenská Volová
Humenné,520781,Slovenské Krivé
Humenné,520802,Snina
Humenné,559636,Sopkovce
Humenné,520829,Stakčín
Humenné,520811,Stakčínska Roztoka
Humenné,520845,Strihovce
Humenné,520853,Sukov
Humenné,520861,Svetlice
Humenné,520870,Šmigovec
Humenné,520888,Topoľa
Humenné,520896,Topoľovka
Humenné,520900,Turcovce
Humenné,520918,Ubľa
Humenné,520926,Udavské
Humenné,520934,Ulič
Humenné,520942,Uličské Krivé
Humenné,520951,Valentovce
Humenné,520977,Veľopolie
Humenné,520985,Víťazovce
Humenné,520993,Volica
Humenné,521001,Výrava
Humenné,521019,Vyšná Jablonka
Humenné,529249,Vyšná Sitnica
Humenné,521027,Vyšné Ladičkovce
Humenné,521035,Vyšný Hrušov
Humenné,529273,Závada
Humenné,521043,Závadka
Humenné,521051,Zboj
Humenné,521060,Zbojné
Humenné,521078,Zbudská Belá
Humenné,521086,Zbudské Dlhé
Humenné,521108,Zemplínske Hámre
Humenné,521116,Zubné
Kežmarok,523399,Abrahámovce
Kežmarok,523411,Bušovce
Kežmarok,523429,Červený Kláštor
Kežmarok,523461,Havka
Kežmarok,523470,Holumnica
Kežmarok,523500,Hradisko
Kežmarok,523526,Huncovce
Kežmarok,523534,Ihľany
Kežmarok,523569,Jezersko
Kežmarok,523577,Jurské
Kežmarok,523585,Kežmarok
Kežmarok,523607,Krížová Ves
Kežmarok,523615,Lechnica
Kežmarok,523623,Lendak
Kežmarok,523682,Ľubica
Kežmarok,523674,Majere
Kežmarok,559938,Malá Franková
Kežmarok,581241,Malý Slavkov
Kežmarok,523712,Matiašovce
Kežmarok,523739,Mlynčeky
Kežmarok,523771,Osturňa
Kežmarok,523780,Podhorany
Kežmarok,523798,Rakúsy
Kežmarok,523801,Reľov
Kežmarok,523810,Slovenská Ves
Kežmarok,523828,Spišská Belá
Kežmarok,523836,Spišská Stará Ves
Kežmarok,523861,Spišské Hanušovce
Kežmarok,523887,Stará Lesná
Kežmarok,523909,Stráne pod Tatrami
Kežmarok,523976,Toporec
Kežmarok,523984,Tvarožná
Kežmarok,523992,Veľká Franková
Kežmarok,524000,Veľká Lomnica
Kežmarok,524042,Vlková
Kežmarok,524051,Vlkovce
Kežmarok,524069,Vojňany
Kežmarok,524077,Vrbov
Kežmarok,524085,Výborná
Kežmarok,524115,Zálesie
Kežmarok,524123,Žakovce
Poprad,526371,Baldovce
Poprad,523402,Batizovce
Poprad,526380,Beharovce
Poprad,526401,Bijacovce
Poprad,526410,Brutovce
Poprad,526428,Buglovce
Poprad,526452,Dlhé Stráže
Poprad,526461,Doľany
Poprad,526479,Domaňovce
Poprad,526487,Dravce
Poprad,526495,Dúbrava
Poprad,523437,Gánovce
Poprad,523445,Gerlachov
Poprad,526517,Granč-Petrovce
Poprad,526525,Harakovce
Poprad,523488,Hôrka
Poprad,523496,Hozelec
Poprad,523518,Hranovnica
Poprad,543179,Jablonov
Poprad,523542,Jánovce
Poprad,543225,Klčov
Poprad,581640,Korytné
Poprad,523593,Kravany
Poprad,543276,Kurimany
Poprad,543292,Levoča
Poprad,523631,Liptovská Teplička
Poprad,523658,Lučivná
Poprad,543314,Lúčka
Poprad,523721,Mengusovce
Poprad,523747,Mlynica
Poprad,543381,Nemešany
Poprad,543390,Nižné Repaše
Poprad,523763,Nová Lesná
Poprad,543420,Oľšavica
Poprad,543446,Ordzovany
Poprad,543454,Pavľany
Poprad,543462,Poľanovce
Poprad,543471,Pongrácovce
Poprad,523381,Poprad
Poprad,523844,Spišská Teplica
Poprad,523852,Spišské Bystré
Poprad,543578,Spišské Podhradie
Poprad,543608,Spišský Hrhov
Poprad,523879,Spišský Štiavnik
Poprad,543624,Spišský Štvrtok
Poprad,543641,Studenec
Poprad,523925,Svit
Poprad,559890,Štôla
Poprad,523933,Štrba
Poprad,524107,Šuňava
Poprad,523950,Švábovce
Poprad,580368,Tatranská Javorina
Poprad,543675,Torysky
Poprad,543691,Uloža
Poprad,524018,Veľký Slavkov
Poprad,524026,Vernár
Poprad,524034,Vikartovce
Poprad,524093,Vydrník
Poprad,560103,Vysoké Tatry
Poprad,526606,Vyšné Repaše
Poprad,526614,Vyšný Slavkov
Poprad,524131,Ždiar
Prešov,524158,Abranovce
Prešov,524174,Bajerov
Prešov,524182,Bajerovce
Prešov,524191,Bertotovce
Prešov,524204,Bodovce
Prešov,524212,Brestov
Prešov,524221,Bretejovce
Prešov,524239,Brezovica
Prešov,524247,Brezovička
Prešov,524255,Brežany
Prešov,524263,Bzenov
Prešov,524506,Chmeľov
Prešov,524514,Chmeľovec
Prešov,524549,Chmiňany
Prešov,524522,Chminianska Nová Ves
Prešov,524531,Chminianske Jakubovany
Prešov,524271,Čelovce
Prešov,524280,Červená Voda
Prešov,524301,Červenica
Prešov,524298,Červenica pri Sabinove
Prešov,524310,Ďačov
Prešov,524328,Daletice
Prešov,524336,Demjata
Prešov,524344,Drienica
Prešov,524352,Drienov
Prešov,524361,Drienovská Nová Ves
Prešov,524379,Dubovica
Prešov,524387,Dulova Ves
Prešov,524395,Fintice
Prešov,524409,Fričovce
Prešov,524417,Fulianka
Prešov,524425,Geraltov
Prešov,524433,Gregorovce
Prešov,524441,Hanigovce
Prešov,518522,Haniska
Prešov,524450,Hendrichovce
Prešov,524468,Hermanovce
Prešov,524476,Hrabkov
Prešov,524492,Hubošovce
Prešov,524557,Jakovany
Prešov,524565,Jakubova Voľa
Prešov,524573,Jakubovany
Prešov,524581,Janov
Prešov,524590,Janovík
Prešov,524603,Jarovnice
Prešov,524611,Kamenica
Prešov,524620,Kapušany
Prešov,524638,Kendice
Prešov,524646,Klenov
Prešov,524654,Kojatice
Prešov,524662,Kokošovce
Prešov,524671,Krásna Lúka
Prešov,524689,Krivany
Prešov,524697,Krížovany
Prešov,524701,Kvačany
Prešov,524727,Lada
Prešov,524735,Lažany
Prešov,524743,Lemešany
Prešov,524751,Lesíček
Prešov,524760,Ličartovce
Prešov,524778,Lipany
Prešov,559971,Lipníky
Prešov,524786,Lipovce
Prešov,518590,Ľubotice
Prešov,524794,Ľubovec
Prešov,524808,Lúčina
Prešov,524816,Lúčka
Prešov,524824,Ľutina
Prešov,524832,Malý Slivník
Prešov,524841,Malý Šariš
Prešov,556823,Medzany
Prešov,524867,Miklušovce
Prešov,524875,Milpoš
Prešov,524883,Mirkovce
Prešov,524905,Mošurov
Prešov,524913,Nemcovce
Prešov,524921,Nižný Slavkov
Prešov,524930,Okružná
Prešov,524948,Olejníkov
Prešov,524956,Oľšov
Prešov,524964,Ondrašovce
Prešov,524981,Ostrovany
Prešov,524999,Ovčie
Prešov,525006,Pečovská Nová Ves
Prešov,525014,Petrovany
Prešov,525022,Podhorany
Prešov,525031,Podhradík
Prešov,525049,Poloma
Prešov,524140,Prešov
Prešov,525057,Proč
Prešov,525065,Pušovce
Prešov,525073,Radatice
Prešov,525081,Ratvaj
Prešov,525090,Ražňany
Prešov,525103,Renčišov
Prešov,525111,Rokycany
Prešov,525120,Rožkovany
Prešov,525138,Ruská Nová Ves
Prešov,525146,Sabinov
Prešov,525154,Sedlice
Prešov,525162,Seniakovce
Prešov,559989,Suchá Dolina
Prešov,525171,Svinia
Prešov,525189,Šarišská Poruba
Prešov,525197,Šarišská Trstená
Prešov,525201,Šarišské Bohdanovce
Prešov,525219,Šarišské Dravce
Prešov,525235,Šarišské Michaľany
Prešov,525243,Šarišské Sokolovce
Prešov,525251,Šindliar
Prešov,525260,Široké
Prešov,525278,Štefanovce
Prešov,525286,Teriakovce
Prešov,525294,Terňa
Prešov,525308,Tichý Potok
Prešov,525316,Torysa
Prešov,525324,Trnkov
Prešov,525332,Tuhrina
Prešov,525341,Tulčík
Prešov,525359,Uzovce
Prešov,525367,Uzovské Pekľany
Prešov,525375,Uzovský Šalgov
Prešov,525383,Varhaňovce
Prešov,525391,Veľký Slivník
Prešov,525405,Veľký Šariš
Prešov,525413,Víťaz
Prešov,525421,Vysoká
Prešov,525430,Vyšná Šebastová
Prešov,525448,Záborské
Prešov,525456,Záhradné
Prešov,525472,Zlatá Baňa
Prešov,525499,Žehňa
Prešov,525502,Žipov
Prešov,525511,Župčany
Stará Ľubovňa,526754,Chmeľnica
Stará Ľubovňa,526673,Čirč
Stará Ľubovňa,526681,Ďurková
Stará Ľubovňa,526690,Forbasy
Stará Ľubovňa,526703,Hajtovka
Stará Ľubovňa,526711,Haligovce
Stará Ľubovňa,526720,Hniezdne
Stará Ľubovňa,526738,Hraničné
Stará Ľubovňa,526746,Hromoš
Stará Ľubovňa,526762,Jakubany
Stará Ľubovňa,526771,Jarabina
Stará Ľubovňa,526789,Kamienka
Stará Ľubovňa,526797,Kolačkov
Stará Ľubovňa,526801,Kremná
Stará Ľubovňa,526819,Kyjov
Stará Ľubovňa,526827,Lacková
Stará Ľubovňa,526835,Legnava
Stará Ľubovňa,526843,Lesnica
Stará Ľubovňa,526851,Litmanová
Stará Ľubovňa,526860,Lomnička
Stará Ľubovňa,526878,Ľubotín
Stará Ľubovňa,526886,Malý Lipník
Stará Ľubovňa,526894,Matysová
Stará Ľubovňa,526908,Mníšek nad Popradom
Stará Ľubovňa,526916,Nižné Ružbachy
Stará Ľubovňa,526924,Nová Ľubovňa
Stará Ľubovňa,526932,Obručné
Stará Ľubovňa,526941,Orlov
Stará Ľubovňa,526959,Plaveč
Stará Ľubovňa,526967,Plavnica
Stará Ľubovňa,526975,Podolínec
Stará Ľubovňa,526983,Pusté Pole
Stará Ľubovňa,526991,Ruská Voľa nad Popradom
Stará Ľubovňa,526665,Stará Ľubovňa
Stará Ľubovňa,527009,Starina
Stará Ľubovňa,527017,Stráňany
Stará Ľubovňa,527025,Sulín
Stará Ľubovňa,527033,Šambron
Stará Ľubovňa,527041,Šarišské Jastrabie
Stará Ľubovňa,527050,Údol
Stará Ľubovňa,527068,Veľká Lesná
Stará Ľubovňa,527076,Veľký Lipník
Stará Ľubovňa,527084,Vislanka
Stará Ľubovňa,527092,Vyšné Ružbachy
Stropkov,527114,Baňa
Stropkov,527157,Breznica
Stropkov,527165,Breznička
Stropkov,527173,Brusnica
Stropkov,527181,Bukovce
Stropkov,527190,Bystrá
Stropkov,527203,Bžany
Stropkov,527335,Chotča
Stropkov,527262,Duplín
Stropkov,527289,Gribov
Stropkov,527297,Havaj
Stropkov,527343,Jakušovce
Stropkov,527386,Kolbovce
Stropkov,527408,Korunková
Stropkov,527416,Kožuchovce
Stropkov,527467,Krišľovce
Stropkov,527793,Kručov
Stropkov,527475,Krušinec
Stropkov,527513,Lomné
Stropkov,527521,Makovce
Stropkov,527530,Malá Poľana
Stropkov,527572,Miková
Stropkov,527581,Miňovce
Stropkov,527611,Mrázovce
Stropkov,527637,Nižná Olšava
Stropkov,527700,Oľšavka
Stropkov,527718,Potôčky
Stropkov,527726,Potoky
Stropkov,527815,Soľník
Stropkov,527823,Staškovce
Stropkov,527840,Stropkov
Stropkov,527866,Šandal
Stropkov,527912,Tisinec
Stropkov,527921,Tokajík
Stropkov,527939,Turany nad Ondavou
Stropkov,527971,Varechovce
Stropkov,527980,Veľkrop
Stropkov,527998,Vislava
Stropkov,528005,Vladiča
Stropkov,528013,Vojtovce
Stropkov,528021,Vyškovce
Stropkov,528048,Vyšná Olšava
Stropkov,560073,Vyšný Hrabovec
Svidník,527122,Belejovce
Svidník,527131,Beňadikovce
Svidník,527149,Bodružal
Svidník,527211,Cernina
Svidník,527220,Cigla
Svidník,527238,Dlhoňa
Svidník,527246,Dobroslava
Svidník,527254,Dubová
Svidník,580601,Dukovce
Svidník,527271,Fijaš
Svidník,519197,Giraltovce
Svidník,527301,Havranec
Svidník,527319,Hrabovčík
Svidník,527327,Hunkovce
Svidník,527351,Jurkova Voľa
Svidník,519316,Kalnište
Svidník,527360,Kapišová
Svidník,527378,Kečkovce
Svidník,519332,Kobylnice
Svidník,527394,Korejovce
Svidník,519391,Kračúnovce
Svidník,527424,Krajná Bystrá
Svidník,527432,Krajná Poľana
Svidník,527441,Krajná Porúbka
Svidník,527459,Krajné Čierno
Svidník,527483,Kružlová
Svidník,519448,Kuková
Svidník,527491,Kurimka
Svidník,527505,Ladomirová
Svidník,519537,Lúčka
Svidník,519561,Lužany pri Topli
Svidník,527548,Matovce
Svidník,527556,Medvedie
Svidník,527564,Mestisko
Svidník,519596,Mičakovce
Svidník,527599,Miroľa
Svidník,527602,Mlynárovce
Svidník,527629,Nižná Jedľová
Svidník,527645,Nižná Pisaná
Svidník,527653,Nižný Komárnik
Svidník,527661,Nižný Mirošov
Svidník,527670,Nižný Orlík
Svidník,527688,Nová Polianka
Svidník,527696,Okrúhle
Svidník,527734,Príkra
Svidník,527742,Pstriná
Svidník,527751,Radoma
Svidník,527769,Rakovčík
Svidník,527777,Rovné
Svidník,527785,Roztoky
Svidník,527807,Soboš
Svidník,527831,Stročín
Svidník,527858,Svidnička
Svidník,527106,Svidník
Svidník,527874,Šarbov
Svidník,527882,Šarišský Štiavnik
Svidník,527891,Šemetkovce
Svidník,527904,Štefurov
Svidník,527947,Vagrinec
Svidník,527955,Valkovce
Svidník,527963,Vápeník
Svidník,528030,Vyšná Jedľová
Svidník,528056,Vyšná Pisaná
Svidník,528064,Vyšný Komárnik
Svidník,528072,Vyšný Mirošov
Svidník,528081,Vyšný Orlík
Svidník,519987,Železník
Svidník,519995,Želmanovce
Vranov nad Topľou,544060,Babie
Vranov nad Topľou,544078,Banské
Vranov nad Topľou,544086,Benkovce
Vranov nad Topľou,544094,Bystré
Vranov nad Topľou,544108,Cabov
Vranov nad Topľou,544116,Čaklov
Vranov nad Topľou,544124,Čičava
Vranov nad Topľou,544132,Čierne nad Topľou
Vranov nad Topľou,544141,Ďapalovce
Vranov nad Topľou,544159,Davidov
Vranov nad Topľou,544167,Detrík
Vranov nad Topľou,544175,Dlhé Klčovo
Vranov nad Topľou,544183,Ďurďoš
Vranov nad Topľou,544191,Giglovce
Vranov nad Topľou,544205,Girovce
Vranov nad Topľou,544213,Hanušovce nad Topľou
Vranov nad Topľou,581674,Hencovce
Vranov nad Topľou,544221,Hermanovce nad Topľou
Vranov nad Topľou,544230,Hlinné
Vranov nad Topľou,528731,Holčíkovce
Vranov nad Topľou,528749,Jasenovce
Vranov nad Topľou,528757,Jastrabie nad Topľou
Vranov nad Topľou,528765,Juskova Voľa
Vranov nad Topľou,528773,Kamenná Poruba
Vranov nad Topľou,528781,Kladzany
Vranov nad Topľou,528790,Komárany
Vranov nad Topľou,528811,Kučín
Vranov nad Topľou,528820,Kvakovce
Vranov nad Topľou,528838,Majerovce
Vranov nad Topľou,528846,Malá Domaša
Vranov nad Topľou,528854,Matiaška
Vranov nad Topľou,528862,Medzianky
Vranov nad Topľou,528871,Merník
Vranov nad Topľou,528889,Michalok
Vranov nad Topľou,528901,Nižný Hrabovec
Vranov nad Topľou,528919,Nižný Hrušov
Vranov nad Topľou,528927,Nižný Kručov
Vranov nad Topľou,528935,Nová Kelča
Vranov nad Topľou,528943,Ondavské Matiašovce
Vranov nad Topľou,528960,Pavlovce
Vranov nad Topľou,528978,Petkovce
Vranov nad Topľou,528986,Petrovce
Vranov nad Topľou,528994,Piskorovce
Vranov nad Topľou,529001,Poša
Vranov nad Topľou,529028,Prosačov
Vranov nad Topľou,529036,Radvanovce
Vranov nad Topľou,529044,Rafajovce
Vranov nad Topľou,529052,Remeniny
Vranov nad Topľou,529079,Rudlov
Vranov nad Topľou,529109,Ruská Voľa
Vranov nad Topľou,529125,Sačurov
Vranov nad Topľou,529133,Sečovská Polianka
Vranov nad Topľou,529141,Sedliská
Vranov nad Topľou,529150,Skrabské
Vranov nad Topľou,529168,Slovenská Kajňa
Vranov nad Topľou,529176,Soľ
Vranov nad Topľou,529184,Štefanovce
Vranov nad Topľou,529192,Tovarné
Vranov nad Topľou,529206,Tovarnianska Polianka
Vranov nad Topľou,529214,Vavrinec
Vranov nad Topľou,529222,Vechec
Vranov nad Topľou,529231,Vlača
Vranov nad Topľou,544051,Vranov nad Topľou
Vranov nad Topľou,529117,Vyšný Kazimír
Vranov nad Topľou,529257,Vyšný Žipov
Vranov nad Topľou,529265,Zámutov
Vranov nad Topľou,529281,Zlatník
Vranov nad Topľou,529290,Žalobín
Košice,599981,Košice
Košice,599093,Košice-Barca
Košice,598682,Košice-Dargovských hrdinov
Košice,599891,Košice-Džungľa
Košice,599824,Košice-Juh
Košice,598119,Košice-Kavečany
Košice,599018,Košice-Košická Nová Ves
Košice,599794,Košice-Krásna
Košice,598194,Košice-Lorinčík
Košice,599972,Košice-Luník IX
Košice,598216,Košice-Myslava
Košice,599816,Košice-Nad jazerom
Košice,598208,Košice-Pereš
Košice,599859,Košice-Poľov
Košice,598151,Košice-Sever
Košice,599883,Košice-Sídlisko KVP
Košice,599875,Košice-Sídlisko Ťahanovce
Košice,598186,Košice-Staré Mesto
Košice,599841,Košice-Šaca
Košice,599786,Košice-Šebastovce
Košice,598127,Košice-Ťahanovce
Košice,599913,Košice-Vyšné Opátske
Košice,598224,Košice-Západ
Košice-okolie,521141,Bačkovík
Košice-okolie,521159,Baška
Košice-okolie,521167,Belža
Košice-okolie,521175,Beniakovce
Košice-okolie,521183,Bidovce
Košice-okolie,521191,Blažice
Košice-okolie,559831,Bočiar
Košice-okolie,521205,Bohdanovce
Košice-okolie,521213,Boliarov
Košice-okolie,521221,Budimír
Košice-okolie,521248,Bukovec
Košice-okolie,521256,Bunetice
Košice-okolie,521264,Buzica
Košice-okolie,521272,Cestice
Košice-okolie,599310,Chorváty
Košice-okolie,521477,Chrastné
Košice-okolie,521281,Čakanovce
Košice-okolie,521299,Čaňa
Košice-okolie,521302,Čečejovce
Košice-okolie,521311,Čižatice
Košice-okolie,521329,Debraď
Košice-okolie,521337,Drienovec
Košice-okolie,521345,Družstevná pri Hornáde
Košice-okolie,521353,Ďurďošík
Košice-okolie,521361,Ďurkov
Košice-okolie,559873,Dvorníky-Včeláre
Košice-okolie,521370,Geča
Košice-okolie,521388,Gyňov
Košice-okolie,521396,Hačava
Košice-okolie,518123,Háj
Košice-okolie,521400,Haniska
Košice-okolie,521418,Herľany
Košice-okolie,521426,Hodkovce
Košice-okolie,518107,Hosťovce
Košice-okolie,521442,Hrašovík
Košice-okolie,521469,Hýľov
Košice-okolie,521485,Janík
Košice-okolie,521493,Jasov
Košice-okolie,521507,Kalša
Košice-okolie,521523,Kecerovce
Košice-okolie,521540,Kecerovský Lipovec
Košice-okolie,559687,Kechnec
Košice-okolie,521558,Kokšov-Bakša
Košice-okolie,521566,Komárovce
Košice-okolie,582514,Kostoľany nad Hornádom
Košice-okolie,521574,Košická Belá
Košice-okolie,521582,Košická Polianka
Košice-okolie,521591,Košické Oľšany
Košice-okolie,521604,Košický Klečenov
Košice-okolie,521612,Kráľovce
Košice-okolie,521639,Kysak
Košice-okolie,521655,Malá Ida
Košice-okolie,521663,Malá Lodina
Košice-okolie,521671,Medzev
Košice-okolie,580252,Milhosť
Košice-okolie,521680,Mokrance
Košice-okolie,521698,Moldava nad Bodvou
Košice-okolie,521701,Mudrovce
Košice-okolie,518140,Nižná Hutka
Košice-okolie,521728,Nižná Kamenica
Košice-okolie,521736,Nižná Myšľa
Košice-okolie,521744,Nižný Čaj
Košice-okolie,521752,Nižný Klátov
Košice-okolie,521761,Nižný Lánec
Košice-okolie,521795,Nová Polhora
Košice-okolie,521787,Nováčany
Košice-okolie,521809,Nový Salaš
Košice-okolie,521817,Obišovce
Košice-okolie,521825,Olšovany
Košice-okolie,521833,Opátka
Košice-okolie,521841,Opiná
Košice-okolie,521850,Paňovce
Košice-okolie,521868,Peder
Košice-okolie,521876,Perín-Chym
Košice-okolie,521884,Ploské
Košice-okolie,521892,Poproč
Košice-okolie,521906,Rákoš
Košice-okolie,521914,Rankovce
Košice-okolie,521922,Rešica
Košice-okolie,521931,Rozhanovce
Košice-okolie,521949,Rudník
Košice-okolie,521957,Ruskov
Košice-okolie,521965,Sady nad Torysou
Košice-okolie,521973,Seňa
Košice-okolie,521981,Skároš
Košice-okolie,518115,Slančík
Košice-okolie,522007,Slanec
Košice-okolie,522015,Slanská Huta
Košice-okolie,522023,Slanské Nové Mesto
Košice-okolie,522031,Sokoľ
Košice-okolie,559865,Sokoľany
Košice-okolie,522040,Svinica
Košice-okolie,522066,Šemša
Košice-okolie,522074,Štós
Košice-okolie,522082,Trebejov
Košice-okolie,522091,Trsťany
Košice-okolie,522104,Trstené pri Hornáde
Košice-okolie,559784,Turňa nad Bodvou
Košice-okolie,521779,Turnianska Nová Ves
Košice-okolie,522121,Vajkovce
Košice-okolie,522139,Valaliky
Košice-okolie,522147,Veľká Ida
Košice-okolie,522155,Veľká Lodina
Košice-okolie,522163,Vtáčkovce
Košice-okolie,522171,Vyšná Hutka
Košice-okolie,522180,Vyšná Kamenica
Košice-okolie,522198,Vyšná Myšľa
Košice-okolie,522201,Vyšný Čaj
Košice-okolie,522210,Vyšný Klátov
Košice-okolie,582093,Vyšný Medzev
Košice-okolie,559881,Zádiel
Košice-okolie,522244,Zlatá Idka
Košice-okolie,522252,Žarnov
Košice-okolie,522261,Ždaňa
Michalovce,522287,Bajany
Michalovce,522295,Bánovce nad Ondavou
Michalovce,522309,Baškovce
Michalovce,522317,Beňatina
Michalovce,528137,Beša
Michalovce,522325,Bežovce
Michalovce,522333,Blatná Polianka
Michalovce,522341,Blatné Remety
Michalovce,522350,Blatné Revištia
Michalovce,522368,Bracovce
Michalovce,513857,Budince
Michalovce,522376,Budkovce
Michalovce,522384,Bunkovce
Michalovce,522503,Choňkovce
Michalovce,522392,Čečehov
Michalovce,528277,Čičarovce
Michalovce,528307,Čierne Pole
Michalovce,528331,Drahňov
Michalovce,522406,Dúbravka
Michalovce,522414,Falkušovce
Michalovce,522422,Fekišovce
Michalovce,522431,Hatalov
Michalovce,522449,Hažín
Michalovce,522457,Hlivištia
Michalovce,522465,Hnojné
Michalovce,522473,Horňa
Michalovce,522481,Horovce
Michalovce,522490,Husák
Michalovce,522511,Iňačovce
Michalovce,522520,Inovce
Michalovce,528391,Ižkovce
Michalovce,522538,Jasenov
Michalovce,522546,Jastrabie pri Michalovciach
Michalovce,522554,Jenkovce
Michalovce,522562,Jovsa
Michalovce,522571,Kačanov
Michalovce,522589,Kaluža
Michalovce,528404,Kapušianske Kľačany
Michalovce,522597,Klokočov
Michalovce,522601,Kolibabovce
Michalovce,522627,Koňuš
Michalovce,522643,Koromľa
Michalovce,522651,Krásnovce
Michalovce,522660,Krčava
Michalovce,522678,Kristy
Michalovce,528463,Krišovská Liesková
Michalovce,522686,Kusín
Michalovce,522694,Lastomír
Michalovce,522708,Laškovce
Michalovce,522716,Lekárovce
Michalovce,522724,Lesné
Michalovce,522732,Ložín
Michalovce,522741,Lúčky
Michalovce,522759,Malčice
Michalovce,522767,Malé Raškovce
Michalovce,522783,Markovce
Michalovce,528579,Maťovské Vojkovce
Michalovce,522279,Michalovce
Michalovce,522791,Moravany
Michalovce,522805,Nacina Ves
Michalovce,522813,Nižná Rybnica
Michalovce,522821,Nižné Nemecké
Michalovce,528633,Oborín
Michalovce,522830,Orechová
Michalovce,522848,Oreské
Michalovce,522856,Ostrov
Michalovce,522864,Palín
Michalovce,522872,Pavlovce nad Uhom
Michalovce,522881,Petrikovce
Michalovce,522899,Petrovce
Michalovce,522902,Petrovce nad Laborcom
Michalovce,522911,Pinkovce
Michalovce,522929,Podhoroď
Michalovce,522937,Porostov
Michalovce,522945,Poruba pod Vihorlatom
Michalovce,522953,Porúbka
Michalovce,522961,Pozdišovce
Michalovce,522970,Priekopa
Michalovce,528692,Ptrukša
Michalovce,522988,Pusté Čemerné
Michalovce,522996,Rakovec nad Ondavou
Michalovce,523003,Remetské Hámre
Michalovce,528714,Ruská
Michalovce,523011,Ruská Bystrá
Michalovce,523020,Ruskovce
Michalovce,523038,Ruský Hrabovec
Michalovce,523046,Sejkov
Michalovce,523054,Senné
Michalovce,523062,Slavkovce
Michalovce,523071,Sliepkovce
Michalovce,523089,Sobrance
Michalovce,523097,Staré
Michalovce,523101,Strážske
Michalovce,523119,Stretava
Michalovce,523127,Stretavka
Michalovce,523135,Suché
Michalovce,523143,Svätuš
Michalovce,523151,Šamudovce
Michalovce,523160,Tašuľa
Michalovce,523178,Tibava
Michalovce,523186,Trhovište
Michalovce,523194,Trnava pri Laborci
Michalovce,523208,Tušice
Michalovce,523216,Tušická Nová Ves
Michalovce,523224,Úbrež
Michalovce,543853,Veľké Kapušany
Michalovce,543870,Veľké Raškovce
Michalovce,523232,Veľké Revištia
Michalovce,543888,Veľké Slemence
Michalovce,523259,Vinné
Michalovce,543942,Vojany
Michalovce,523267,Vojnatina
Michalovce,523275,Voľa
Michalovce,523283,Vrbnica
Michalovce,523291,Vysoká nad Uhom
Michalovce,523305,Vyšná Rybnica
Michalovce,523313,Vyšné Nemecké
Michalovce,523321,Vyšné Remety
Michalovce,523330,Záhor
Michalovce,523241,Zalužice
Michalovce,523348,Závadka
Michalovce,523356,Zbudza
Michalovce,523364,Zemplínska Široká
Michalovce,522635,Zemplínske Kopčany
Michalovce,523372,Žbince
Rožňava,525537,Ardovo
Rožňava,525545,Betliar
Rožňava,525553,Bohúňovo
Rožňava,525561,Bôrka
Rožňava,525570,Brdárka
Rožňava,514578,Bretka
Rožňava,560022,Brzotín
Rožňava,525596,Čierna Lehota
Rožňava,525600,Čoltovo
Rožňava,560031,Čučma
Rožňava,525618,Dedinky
Rožňava,525626,Dlhá Ves
Rožňava,525634,Dobšiná
Rožňava,525642,Drnava
Rožňava,525651,Gemerská Hôrka
Rožňava,514748,Gemerská Panica
Rožňava,525669,Gemerská Poloma
Rožňava,525693,Gočaltovo
Rožňava,525707,Gočovo
Rožňava,525715,Hanková
Rožňava,525723,Henckovce
Rožňava,525731,Honce
Rožňava,525740,Hrhov
Rožňava,525758,Hrušov
Rožňava,525782,Jablonov nad Turňou
Rožňava,560049,Jovice
Rožňava,525821,Kečovo
Rožňava,525839,Kobeliarovo
Rožňava,525847,Koceľovce
Rožňava,525855,Kováčová
Rožňava,525863,Krásnohorská Dlhá Lúka
Rožňava,525871,Krásnohorské Podhradie
Rožňava,560065,Kružná
Rožňava,525898,Kunova Teplica
Rožňava,525910,Lipovník
Rožňava,525936,Lúčka
Rožňava,525952,Markuška
Rožňava,525961,Meliata
Rožňava,526045,Nižná Slaná
Rožňava,526053,Ochtiná
Rožňava,526061,Pača
Rožňava,526070,Pašková
Rožňava,526088,Petrovo
Rožňava,526096,Plešivec
Rožňava,526126,Rakovnica
Rožňava,526134,Rejdová
Rožňava,526177,Rochovce
Rožňava,526185,Roštár
Rožňava,526193,Rozložná
Rožňava,525529,Rožňava
Rožňava,526207,Rožňavské Bystré
Rožňava,526215,Rudná
Rožňava,526223,Silica
Rožňava,526231,Silická Brezová
Rožňava,526240,Silická Jablonica
Rožňava,526266,Slavec
Rožňava,526274,Slavoška
Rožňava,526282,Slavošovce
Rožňava,526291,Stratená
Rožňava,526312,Štítnik
Rožňava,526339,Vlachovo
Rožňava,526347,Vyšná Slaná
Spišská Nová Ves,526363,Arnutovce
Spišská Nová Ves,526398,Betlanovce
Spišská Nová Ves,526436,Bystrany
Spišská Nová Ves,543152,Chrasť nad Hornádom
Spišská Nová Ves,526444,Danišovce
Spišská Nová Ves,526509,Gelnica
Spišská Nová Ves,526533,Harichovce
Spišská Nová Ves,526541,Helcmanovce
Spišská Nová Ves,526550,Henclová
Spišská Nová Ves,526568,Hincovce
Spišská Nová Ves,526576,Hnilčík
Spišská Nová Ves,526584,Hnilec
Spišská Nová Ves,526592,Hrabušice
Spišská Nová Ves,543144,Hrišovce
Spišská Nová Ves,543161,Iliašovce
Spišská Nová Ves,543187,Jaklovce
Spišská Nová Ves,543195,Jamník
Spišská Nová Ves,543209,Kaľava
Spišská Nová Ves,543233,Kluknava
Spišská Nová Ves,543241,Kojšov
Spišská Nová Ves,543250,Kolinovce
Spišská Nová Ves,543268,Krompachy
Spišská Nová Ves,543284,Letanovce
Spišská Nová Ves,543306,Lieskovany
Spišská Nová Ves,543322,Margecany
Spišská Nová Ves,543331,Markušovce
Spišská Nová Ves,543349,Matejovce nad Hornádom
Spišská Nová Ves,543357,Mlynky
Spišská Nová Ves,543365,Mníšek nad Hnilcom
Spišská Nová Ves,543373,Nálepkovo
Spišská Nová Ves,543403,Odorín
Spišská Nová Ves,543411,Olcnava
Spišská Nová Ves,543438,Oľšavka
Spišská Nová Ves,543489,Poráč
Spišská Nová Ves,543497,Prakovce
Spišská Nová Ves,543501,Richnava
Spišská Nová Ves,543519,Rudňany
Spišská Nová Ves,543527,Slatvina
Spišská Nová Ves,543535,Slovinky
Spišská Nová Ves,560154,Smižany
Spišská Nová Ves,543551,Smolnícka Huta
Spišská Nová Ves,543560,Smolník
Spišská Nová Ves,526355,Spišská Nová Ves
Spišská Nová Ves,543586,Spišské Tomášovce
Spišská Nová Ves,543594,Spišské Vlachy
Spišská Nová Ves,543616,Spišský Hrušov
Spišská Nová Ves,543632,Stará Voda
Spišská Nová Ves,543659,Švedlár
Spišská Nová Ves,543667,Teplička
Spišská Nová Ves,543683,Úhorná
Spišská Nová Ves,543705,Veľký Folkmar
Spišská Nová Ves,543713,Vítkovce
Spišská Nová Ves,543721,Vojkovce
Spišská Nová Ves,526631,Závadka
Spišská Nová Ves,526649,Žakarovce
Spišská Nová Ves,526657,Žehra
Trebišov,528102,Bačka
Trebišov,528111,Bačkov
Trebišov,528129,Bara
Trebišov,528145,Biel
Trebišov,528161,Boľ
Trebišov,528170,Borša
Trebišov,528188,Boťany
Trebišov,528200,Brehov
Trebišov,528218,Brezina
Trebišov,528226,Byšta
Trebišov,528234,Cejkov
Trebišov,528242,Čeľovce
Trebišov,528251,Čerhov
Trebišov,528269,Černochov
Trebišov,528285,Čierna
Trebišov,528293,Čierna nad Tisou
Trebišov,528315,Dargov
Trebišov,528323,Dobrá
Trebišov,528340,Dvorianky
Trebišov,528358,Egreš
Trebišov,528366,Hraň
Trebišov,528374,Hrčeľ
Trebišov,528382,Hriadky
Trebišov,528412,Kašov
Trebišov,528421,Kazimír
Trebišov,513831,Klin nad Bodrogom
Trebišov,528439,Kožuchov
Trebišov,528447,Kráľovský Chlmec
Trebišov,528455,Kravany
Trebišov,528471,Kuzmice
Trebišov,528480,Kysta
Trebišov,528498,Ladmovce
Trebišov,528501,Lastovce
Trebišov,528510,Leles
Trebišov,528528,Luhyňa
Trebišov,513792,Malá Tŕňa
Trebišov,528536,Malé Ozorovce
Trebišov,528544,Malé Trakany
Trebišov,528552,Malý Horeš
Trebišov,528561,Malý Kamenec
Trebišov,528587,Michaľany
Trebišov,528609,Nižný Žipov
Trebišov,528617,Novosad
Trebišov,528625,Nový Ruskov
Trebišov,528676,Parchovany
Trebišov,528641,Plechotice
Trebišov,528668,Poľany
Trebišov,528684,Pribeník
Trebišov,528706,Rad
Trebišov,528722,Sečovce
Trebišov,543730,Sirník
Trebišov,543748,Slivník
Trebišov,543756,Slovenské Nové Mesto
Trebišov,543764,Soľnička
Trebišov,543772,Somotor
Trebišov,513849,Stanča
Trebišov,543781,Stankovce
Trebišov,543799,Strážne
Trebišov,543802,Streda nad Bodrogom
Trebišov,528153,Svätá Mária
Trebišov,528650,Svätuše
Trebišov,543811,Svinice
Trebišov,528099,Trebišov
Trebišov,543829,Trnávka
Trebišov,543845,Veľaty
Trebišov,513806,Veľká Tŕňa
Trebišov,543861,Veľké Ozorovce
Trebišov,543896,Veľké Trakany
Trebišov,543900,Veľký Horeš
Trebišov,543918,Veľký Kamenec
Trebišov,543926,Viničky
Trebišov,543934,Višňov
Trebišov,543951,Vojčice
Trebišov,543969,Vojka
Trebišov,543977,Zatín
Trebišov,543985,Zbehňov
Trebišov,543993,Zemplín
Trebišov,544001,Zemplínska Nová Ves
Trebišov,544019,Zemplínska Teplica
Trebišov,544027,Zemplínske Hradište
Trebišov,544035,Zemplínske Jastrabie
Trebišov,544043,Zemplínsky Branč
